C1,C2,C3,C4,C5,C6,Tarih
Nötr,Boş zaman,Aile Üyeleri,Hayır,Bilmiyorum,Evet,Tue Jan 19 2021 10:11:38 GMT+0300 (+03)
Gergin,Çalışma,Aile Üyeleri,Evet,Evet,Evet,Tue Jan 19 2021 12:01:03 GMT+0300 (+03)
Nötr,Çalışma,Kimse yok,Hayır,Evet,Evet,Tue Jan 19 2021 15:01:27 GMT+0300 (+03)
Memnun,Çalışma,Kimse yok,Hayır,Hayır,Evet,Tue Jan 19 2021 17:00:45 GMT+0300 (+03)
Rahat,Boş zaman,Aile Üyeleri,Hayır,Hayır,Evet,Tue Jan 19 2021 19:04:22 GMT+0300 (+03)
Nötr,Boş zaman,Aile Üyeleri,Hayır,Evet,Evet,Wed Jan 20 2021 10:18:19 GMT+0300 (+03)
Nötr,Çalışma,Kimse yok,Hayır,Hayır,Evet,Wed Jan 20 2021 12:01:33 GMT+0300 (+03)
Yorgun,Çalışma,Kimse yok,Hayır,Hayır,Bilmiyorum,Wed Jan 20 2021 15:01:15 GMT+0300 (+03)
Nötr,Boş zaman,Kimse yok,Hayır,Hayır,Evet,Wed Jan 20 2021 17:03:30 GMT+0300 (+03)
Rahat,Yeme / İçme,Aile Üyeleri,Hayır,Hayır,Evet,Wed Jan 20 2021 19:01:35 GMT+0300 (+03)
Rahat,Çalışma,Kimse yok,Hayır,Hayır,Evet,Wed Jan 20 2021 20:15:53 GMT+0300 (+03)
Mutsuz,Çalışma,Kimse yok,Evet,Hayır,Evet,Thu Jan 21 2021 10:18:29 GMT+0300 (+03)
Rahat,Yeme / İçme,Aile Üyeleri,Hayır,Hayır,Evet,Thu Jan 21 2021 12:03:01 GMT+0300 (+03)
Nötr,Çalışma,Kimse yok,Bilmiyorum,Bilmiyorum,Evet,Thu Jan 21 2021 16:14:07 GMT+0300 (+03)
Rahat,Sohbet,Arkadaşlar,Hayır,Hayır,Evet,Thu Jan 21 2021 17:58:35 GMT+0300 (+03)
Mutsuz,Müzik Dinlemek,Kimse yok,Evet,Hayır,Evet,Thu Jan 21 2021 19:07:02 GMT+0300 (+03)
Mutsuz,Çalışma,Kimse yok,Evet,Hayır,Evet,Fri Jan 22 2021 12:06:18 GMT+0300 (+03)
Rahat,Temizlik,Kimse yok,Hayır,Hayır,Evet,Fri Jan 22 2021 12:46:00 GMT+0300 (+03)
Nötr,Çalışma,Kimse yok,Hayır,Bilmiyorum,Evet,Fri Jan 22 2021 15:45:05 GMT+0300 (+03)
Nötr,Spor,Kimse yok,Hayır,Hayır,Evet,Fri Jan 22 2021 17:06:30 GMT+0300 (+03)
Mutsuz,Diğer,Aile Üyeleri,Hayır,Hayır,Evet,Fri Jan 22 2021 19:17:05 GMT+0300 (+03)
Nötr,Çalışma,Kimse yok,Hayır,Hayır,Evet,Fri Jan 22 2021 21:16:40 GMT+0300 (+03)
Nötr,Boş zaman,Kimse yok,Hayır,Hayır,Evet,Sat Jan 23 2021 12:33:42 GMT+0300 (+03)
Nötr,Yeme / İçme,Aile Üyeleri,Hayır,Hayır,Evet,Sat Jan 23 2021 13:36:01 GMT+0300 (+03)
Nötr,Çalışma,Kimse yok,Hayır,Hayır,Evet,Sat Jan 23 2021 17:02:31 GMT+0300 (+03)
Mutsuz,Çalışma,Kimse yok,Evet,Evet,Evet,Sat Jan 23 2021 18:17:14 GMT+0300 (+03)
Yorgun,Çalışma,Kimse yok,Evet,Hayır,Bilmiyorum,Sat Jan 23 2021 19:19:19 GMT+0300 (+03)
İyi,Video İzlemek,Kimse yok,Hayır,Hayır,Bilmiyorum,Sat Jan 23 2021 23:07:25 GMT+0300 (+03)
Nötr,Boş zaman,Kimse yok,Hayır,Bilmiyorum,Evet,Sun Jan 24 2021 14:06:17 GMT+0300 (+03)
İyi,Yeme / İçme,Aile Üyeleri,Evet,Bilmiyorum,Evet,Sun Jan 24 2021 14:33:35 GMT+0300 (+03)
Nötr,Çalışma,Kimse yok,Hayır,Hayır,Evet,Sun Jan 24 2021 15:16:32 GMT+0300 (+03)
Rahat,Video İzlemek,Kimse yok,Hayır,Hayır,Evet,Sun Jan 24 2021 16:16:14 GMT+0300 (+03)
Nötr,Video İzlemek,Kimse yok,Hayır,Hayır,Evet,Sun Jan 24 2021 17:32:31 GMT+0300 (+03)
Diğer,Çalışma,Kimse yok,Bilmiyorum,Hayır,Evet,Sun Jan 24 2021 19:16:35 GMT+0300 (+03)
Kötü,Dinlenme,Aile Üyeleri,Hayır,Hayır,Evet,Tue Jan 26 2021 10:31:58 GMT+0300 (+03)
Mutlu,Dinlenme,Aile Üyeleri,Evet,Hayır,Hayır,Tue Jan 26 2021 12:31:04 GMT+0300 (+03)
İyi,Dinlenme,Aile Üyeleri,Hayır,Hayır,Evet,Tue Jan 26 2021 16:12:07 GMT+0300 (+03)
İyi,Yeme / İçme,Aile Üyeleri,Hayır,Hayır,Evet,Tue Jan 26 2021 17:27:26 GMT+0300 (+03)
İyi,Yeme / İçme,Aile Üyeleri,Hayır,Hayır,Bilmiyorum,Tue Jan 26 2021 18:31:44 GMT+0300 (+03)
İyi,Yeme / İçme,Aile Üyeleri,Hayır,Hayır,Bilmiyorum,Tue Jan 26 2021 19:26:19 GMT+0300 (+03)
İyi,Sohbet,Aile Üyeleri,Hayır,Hayır,Bilmiyorum,Tue Jan 26 2021 21:04:33 GMT+0300 (+03)
Enerjik,Çalışma,Arkadaşlar,Hayır,Hayır,Bilmiyorum,Wed Jan 27 2021 12:32:24 GMT+0300 (+03)
İyi,İş,Arkadaşlar,Hayır,Hayır,Evet,Wed Jan 27 2021 14:25:20 GMT+0300 (+03)
İyi,Dinlenme,Aile Üyeleri,Hayır,Hayır,Evet,Wed Jan 27 2021 19:39:15 GMT+0300 (+03)
İyi,Temizlik,Aile Üyeleri,Hayır,Hayır,Evet,Thu Jan 28 2021 10:45:02 GMT+0300 (+03)
Mutlu,Video İzlemek,Kimse yok,Hayır,Hayır,Evet,Thu Jan 28 2021 12:44:46 GMT+0300 (+03)
Mutlu,Dinlenme,Aile Üyeleri,Hayır,Hayır,Evet,Thu Jan 28 2021 14:31:51 GMT+0300 (+03)
Mutlu,Dinlenme,Aile Üyeleri,Bilmiyorum,Hayır,Evet,Thu Jan 28 2021 20:02:11 GMT+0300 (+03)
İyi,Boş zaman,Kimse yok,Hayır,Hayır,Evet,Fri Jan 29 2021 10:34:08 GMT+0300 (+03)
Nötr,Dinlenme,Aile Üyeleri,Hayır,Hayır,Evet,Fri Jan 29 2021 12:03:12 GMT+0300 (+03)
Gergin,Dinlenme,Aile Üyeleri,Evet,Evet,Bilmiyorum,Fri Jan 29 2021 14:06:49 GMT+0300 (+03)
Heyecanlı,Yeme / İçme,Aile Üyeleri,Bilmiyorum,Hayır,Evet,Fri Jan 29 2021 16:04:08 GMT+0300 (+03)
İyi,Sohbet,Aile Üyeleri,Hayır,Hayır,Bilmiyorum,Fri Jan 29 2021 20:47:20 GMT+0300 (+03)
Üzgün,Boş zaman,Aile Üyeleri,Evet,Evet,Hayır,Fri Jan 29 2021 23:42:52 GMT+0300 (+03)
Mutlu,Spor,Aile Üyeleri,Hayır,Hayır,Evet,Sat Jan 30 2021 10:32:43 GMT+0300 (+03)
İyi,Temizlik,Kimse yok,Hayır,Hayır,Evet,Sat Jan 30 2021 14:17:54 GMT+0300 (+03)
Mutlu,Temizlik,Kimse yok,Hayır,Hayır,Evet,Sat Jan 30 2021 14:56:19 GMT+0300 (+03)
Mutlu,Video İzlemek,Aile Üyeleri,Hayır,Hayır,Evet,Sat Jan 30 2021 15:30:37 GMT+0300 (+03)
Mutlu,Dinlenme,Aile Üyeleri,Hayır,Hayır,Evet,Sat Jan 30 2021 19:05:55 GMT+0300 (+03)
Memnun,Video İzlemek,Kimse yok,Hayır,Hayır,Evet,Sat Jan 30 2021 20:17:28 GMT+0300 (+03)
İyi,Diğer,Kimse yok,Bilmiyorum,Bilmiyorum,Evet,Sun Jan 31 2021 14:37:38 GMT+0300 (+03)
Mutlu,Dinlenme,Aile Üyeleri,Evet,Hayır,Evet,Sun Jan 31 2021 16:16:44 GMT+0300 (+03)
Mutlu,Müzik Dinlemek,Aile Üyeleri,Hayır,Hayır,Evet,Sun Jan 31 2021 18:02:12 GMT+0300 (+03)
Mutlu,Spor,Kimse yok,Hayır,Hayır,Evet,Sun Jan 31 2021 20:23:52 GMT+0300 (+03)
Kötü,İş,Meslektaş,Evet,Evet,Hayır,Mon Feb 01 2021 12:32:35 GMT+0300 (+03)
Gergin,İş,Meslektaş,Evet,Evet,Hayır,Mon Feb 01 2021 14:06:16 GMT+0300 (+03)
Yorgun,İş,Meslektaş,Hayır,Evet,Hayır,Mon Feb 01 2021 16:26:28 GMT+0300 (+03)
Mutlu,Dinlenme,Aile Üyeleri,Evet,Hayır,Hayır,Mon Feb 01 2021 19:35:40 GMT+0300 (+03)
Mutlu,Spor,Kimse yok,Hayır,Hayır,Evet,Mon Feb 01 2021 22:06:47 GMT+0300 (+03)
Nötr,Dinlenme,Arkadaşlar,Hayır,Evet,Hayır,Tue Feb 02 2021 10:05:08 GMT+0300 (+03)
İyi,İş,Meslektaş,Hayır,Evet,Evet,Tue Feb 02 2021 12:17:06 GMT+0300 (+03)
Gergin,Diğer,Birçok kişi,Evet,Evet,Bilmiyorum,Tue Feb 02 2021 15:29:03 GMT+0300 (+03)
Yorgun,Çalışma,Meslektaş,Hayır,Bilmiyorum,Bilmiyorum,Wed Feb 03 2021 10:05:19 GMT+0300 (+03)
Nötr,Çalışma,Meslektaş,Hayır,Bilmiyorum,Evet,Wed Feb 03 2021 12:16:04 GMT+0300 (+03)
Rahat,Dinlenme,Kimse yok,Hayır,Bilmiyorum,Evet,Wed Feb 03 2021 14:06:56 GMT+0300 (+03)
İyi,Video İzlemek,Kimse yok,Hayır,Hayır,Evet,Wed Feb 03 2021 16:03:57 GMT+0300 (+03)
Gergin,Diğer,Aile Üyeleri,Evet,Hayır,Hayır,Wed Feb 03 2021 19:40:38 GMT+0300 (+03)
Yorgun,Dinlenme,Arkadaşlar,Hayır,Bilmiyorum,Bilmiyorum,Thu Feb 04 2021 10:18:51 GMT+0300 (+03)
İyi,Çalışma,Meslektaş,Hayır,Bilmiyorum,Evet,Thu Feb 04 2021 12:16:53 GMT+0300 (+03)
İyi,Dinlenme,Kimse yok,Hayır,Hayır,Evet,Thu Feb 04 2021 16:06:25 GMT+0300 (+03)
İyi,Video İzlemek,Aile Üyeleri,Hayır,Hayır,Evet,Thu Feb 04 2021 18:07:43 GMT+0300 (+03)
Rahat,Dinlenme,Aile Üyeleri,Hayır,Hayır,Bilmiyorum,Thu Feb 04 2021 20:39:36 GMT+0300 (+03)
Rahat,Dinlenme,Arkadaşlar,Hayır,Bilmiyorum,Evet,Fri Feb 05 2021 10:17:33 GMT+0300 (+03)
İyi,İş,Meslektaş,Hayır,Hayır,Evet,Fri Feb 05 2021 12:28:58 GMT+0300 (+03)
İyi,Diğer,Aile Üyeleri,Hayır,Bilmiyorum,Evet,Fri Feb 05 2021 14:19:01 GMT+0300 (+03)
Mutlu,Video İzlemek,Kimse yok,Hayır,Hayır,Evet,Fri Feb 05 2021 18:03:58 GMT+0300 (+03)
İyi,Video İzlemek,Kimse yok,Hayır,Hayır,Bilmiyorum,Fri Feb 05 2021 20:29:56 GMT+0300 (+03)
İyi,Çalışma,Meslektaş,Hayır,Hayır,Evet,Sat Feb 06 2021 10:37:52 GMT+0300 (+03)
İyi,Çalışma,Meslektaş,Hayır,Bilmiyorum,Evet,Sat Feb 06 2021 12:02:14 GMT+0300 (+03)
İyi,Dinlenme,Aile Üyeleri,Hayır,Hayır,Evet,Sat Feb 06 2021 14:32:53 GMT+0300 (+03)
Mutlu,Sohbet,Aile Üyeleri,Hayır,Hayır,Evet,Sat Feb 06 2021 16:20:04 GMT+0300 (+03)
Mutlu,Yeme / İçme,Aile Üyeleri,Hayır,Hayır,Evet,Sat Feb 06 2021 18:26:23 GMT+0300 (+03)
Rahat,Video İzlemek,Kimse yok,Hayır,Hayır,Bilmiyorum,Sat Feb 06 2021 20:05:18 GMT+0300 (+03)
Nötr,İş,Arkadaşlar,Hayır,Hayır,Hayır,Mon Feb 08 2021 12:53:28 GMT+0300 (+03)
Gergin,İş,Arkadaşlar,Hayır,Hayır,Hayır,Mon Feb 08 2021 14:16:38 GMT+0300 (+03)
Kötü,İş,Arkadaşlar,Hayır,Hayır,Hayır,Mon Feb 08 2021 16:11:36 GMT+0300 (+03)
Yorgun,Diğer,Aile Üyeleri,Hayır,Hayır,Hayır,Mon Feb 08 2021 18:03:18 GMT+0300 (+03)
İyi,Yeme / İçme,Aile Üyeleri,Hayır,Hayır,Hayır,Mon Feb 08 2021 20:01:33 GMT+0300 (+03)
Gergin,Yeme / İçme,Aile Üyeleri,Hayır,Hayır,Hayır,Tue Feb 09 2021 10:02:46 GMT+0300 (+03)
Gergin,Çalışma,Meslektaş,Evet,Bilmiyorum,Hayır,Tue Feb 09 2021 12:26:54 GMT+0300 (+03)
Gergin,Çalışma,Meslektaş,Evet,Bilmiyorum,Hayır,Tue Feb 09 2021 14:05:47 GMT+0300 (+03)
Endişeli,Çalışma,Meslektaş,Evet,Bilmiyorum,Hayır,Tue Feb 09 2021 16:03:51 GMT+0300 (+03)
İyi,Diğer,Aile Üyeleri,Hayır,Evet,Hayır,Tue Feb 09 2021 18:16:08 GMT+0300 (+03)
İyi,Temizlik,Aile Üyeleri,Hayır,Hayır,Hayır,Tue Feb 09 2021 20:26:14 GMT+0300 (+03)
İyi,Diğer,Kimse yok,Hayır,Evet,Hayır,Wed Feb 10 2021 10:10:40 GMT+0300 (+03)
Rahat,Çalışma,Meslektaş,Hayır,Hayır,Hayır,Wed Feb 10 2021 12:15:48 GMT+0300 (+03)
Gergin,Çalışma,Meslektaş,Hayır,Hayır,Hayır,Wed Feb 10 2021 14:20:41 GMT+0300 (+03)
İyi,İş,Meslektaş,Hayır,Evet,Hayır,Wed Feb 10 2021 16:22:08 GMT+0300 (+03)
İyi,Dinlenme,Aile Üyeleri,Hayır,Hayır,Hayır,Wed Feb 10 2021 18:33:32 GMT+0300 (+03)
İyi,Dinlenme,Aile Üyeleri,Hayır,Hayır,Hayır,Wed Feb 10 2021 20:18:21 GMT+0300 (+03)
İyi,Yeme / İçme,Aile Üyeleri,Hayır,Hayır,Evet,Thu Feb 11 2021 10:12:44 GMT+0300 (+03)
İyi,Temizlik,Aile Üyeleri,Hayır,Hayır,Evet,Thu Feb 11 2021 12:21:43 GMT+0300 (+03)
İyi,Temizlik,Aile Üyeleri,Hayır,Hayır,Evet,Thu Feb 11 2021 14:07:06 GMT+0300 (+03)
İyi,Yeme / İçme,Aile Üyeleri,Hayır,Hayır,Evet,Thu Feb 11 2021 16:22:06 GMT+0300 (+03)
İyi,Dinlenme,Aile Üyeleri,Hayır,Hayır,Hayır,Thu Feb 11 2021 18:04:06 GMT+0300 (+03)
İyi,Dinlenme,Aile Üyeleri,Hayır,Hayır,Hayır,Thu Feb 11 2021 20:23:21 GMT+0300 (+03)
İyi,Yeme / İçme,Aile Üyeleri,Hayır,Bilmiyorum,Evet,Fri Feb 12 2021 10:23:55 GMT+0300 (+03)
İyi,Temizlik,Aile Üyeleri,Hayır,Hayır,Evet,Fri Feb 12 2021 12:30:31 GMT+0300 (+03)
Mutlu,Yeme / İçme,Aile Üyeleri,Hayır,Hayır,Evet,Fri Feb 12 2021 14:36:12 GMT+0300 (+03)
Mutlu,Dinlenme,Evcil Dostlar,Hayır,Hayır,Evet,Fri Feb 12 2021 16:10:53 GMT+0300 (+03)
İyi,Yeme / İçme,Aile Üyeleri,Hayır,Hayır,Evet,Fri Feb 12 2021 18:02:14 GMT+0300 (+03)
İyi,Video İzlemek,Aile Üyeleri,Hayır,Hayır,Hayır,Fri Feb 12 2021 20:03:44 GMT+0300 (+03)
Rahat,Dinlenme,Aile Üyeleri,Hayır,Hayır,Hayır,Sat Feb 13 2021 10:16:32 GMT+0300 (+03)
Hasta,Dinlenme,Aile Üyeleri,Hayır,Hayır,Hayır,Sat Feb 13 2021 12:32:27 GMT+0300 (+03)
Hasta,Dinlenme,Aile Üyeleri,Hayır,Hayır,Hayır,Sat Feb 13 2021 14:06:20 GMT+0300 (+03)
Heyecanlı,Yeme / İçme,Aile Üyeleri,Hayır,Hayır,Hayır,Sat Feb 13 2021 16:50:48 GMT+0300 (+03)
Heyecanlı,Dinlenme,Aile Üyeleri,Hayır,Hayır,Hayır,Sat Feb 13 2021 18:01:34 GMT+0300 (+03)
Rahat,Dinlenme,Aile Üyeleri,Hayır,Hayır,Hayır,Sat Feb 13 2021 20:03:54 GMT+0300 (+03)
İyi,Yeme / İçme,Aile Üyeleri,Hayır,Hayır,Hayır,Sun Feb 14 2021 10:19:14 GMT+0300 (+03)
İyi,Temizlik,Aile Üyeleri,Hayır,Hayır,Bilmiyorum,Sun Feb 14 2021 12:06:40 GMT+0300 (+03)
Heyecanlı,Dinlenme,Aile Üyeleri,Hayır,Hayır,Bilmiyorum,Sun Feb 14 2021 14:07:50 GMT+0300 (+03)
Yalnız,Yeme / İçme,Aile Üyeleri,Hayır,Evet,Hayır,Sun Feb 14 2021 16:13:38 GMT+0300 (+03)
Yorgun,Video İzlemek,Aile Üyeleri,Hayır,Bilmiyorum,Hayır,Sun Feb 14 2021 18:13:21 GMT+0300 (+03)
İyi,Dinlenme,Aile Üyeleri,Hayır,Hayır,Hayır,Sun Feb 14 2021 20:08:58 GMT+0300 (+03)
Nötr,Dinlenme,Meslektaş,Hayır,Evet,Bilmiyorum,Thu Feb 18 2021 14:21:18 GMT+0300 (+03)
Nötr,İş,Meslektaş,Hayır,Evet,Bilmiyorum,Thu Feb 18 2021 15:52:16 GMT+0300 (+03)
İyi,Yeme / İçme,Kimse yok,Hayır,Hayır,Evet,Thu Feb 18 2021 18:02:11 GMT+0300 (+03)
İyi,Müzik Dinlemek,Kimse yok,Hayır,Hayır,Hayır,Thu Feb 18 2021 20:03:19 GMT+0300 (+03)
Nötr,İş,Birçok kişi,Hayır,Evet,Bilmiyorum,Fri Feb 19 2021 10:04:14 GMT+0300 (+03)
Enerjik,İş,Meslektaş,Evet,Evet,Hayır,Fri Feb 19 2021 12:09:55 GMT+0300 (+03)
Gergin,Sohbet,Meslektaş,Evet,Evet,Hayır,Fri Feb 19 2021 14:07:51 GMT+0300 (+03)
Gergin,İş,Birçok kişi,Evet,Evet,Hayır,Fri Feb 19 2021 16:02:42 GMT+0300 (+03)
Nötr,Sohbet,Aile Üyeleri,Hayır,Bilmiyorum,Evet,Fri Feb 19 2021 18:02:38 GMT+0300 (+03)
Nötr,Diğer,Aile Üyeleri,Hayır,Evet,Hayır,Fri Feb 19 2021 20:05:40 GMT+0300 (+03)
Nötr,İş,Meslektaş,Hayır,Bilmiyorum,Evet,Sat Feb 20 2021 10:32:32 GMT+0300 (+03)
Nötr,Sohbet,Meslektaş,Hayır,Evet,Evet,Sat Feb 20 2021 12:04:16 GMT+0300 (+03)
Suçlu,Temizlik,Kimse yok,Evet,Hayır,Hayır,Sat Feb 20 2021 14:16:58 GMT+0300 (+03)
Nötr,Temizlik,Kimse yok,Hayır,Hayır,Hayır,Sat Feb 20 2021 16:08:54 GMT+0300 (+03)
İyi,Müzik Dinlemek,Kimse yok,Hayır,Hayır,Bilmiyorum,Sat Feb 20 2021 18:04:26 GMT+0300 (+03)
İyi,Video İzlemek,Kimse yok,Hayır,Hayır,Bilmiyorum,Sat Feb 20 2021 20:08:27 GMT+0300 (+03)
Nötr,Yeme / İçme,Kimse yok,Hayır,Hayır,Bilmiyorum,Sun Feb 21 2021 10:03:20 GMT+0300 (+03)
Nötr,Boş zaman,Kimse yok,Hayır,Hayır,Bilmiyorum,Sun Feb 21 2021 12:06:00 GMT+0300 (+03)
Nötr,Video İzlemek,Kimse yok,Bilmiyorum,Hayır,Bilmiyorum,Sun Feb 21 2021 14:03:39 GMT+0300 (+03)
Heyecanlı,Spor,Birçok kişi,Evet,Evet,Hayır,Sun Feb 21 2021 16:12:55 GMT+0300 (+03)
Yorgun,Sohbet,Aile Üyeleri,Evet,Bilmiyorum,Hayır,Sun Feb 21 2021 18:14:47 GMT+0300 (+03)
Mutsuz,Sohbet,Aile Üyeleri,Evet,Evet,Hayır,Sun Feb 21 2021 20:09:48 GMT+0300 (+03)
Rahat,Sohbet,Arkadaşlar,Hayır,Hayır,Bilmiyorum,Mon Feb 22 2021 10:03:46 GMT+0300 (+03)
Rahat,Boş zaman,Arkadaşlar,Hayır,Hayır,Evet,Mon Feb 22 2021 12:04:02 GMT+0300 (+03)
Nötr,Sohbet,Arkadaşlar,Hayır,Bilmiyorum,Bilmiyorum,Mon Feb 22 2021 16:02:10 GMT+0300 (+03)
Rahat,Yeme / İçme,Kimse yok,Hayır,Hayır,Bilmiyorum,Mon Feb 22 2021 18:07:13 GMT+0300 (+03)
Nötr,Sohbet,Kimse yok,Bilmiyorum,Hayır,Bilmiyorum,Mon Feb 22 2021 20:03:34 GMT+0300 (+03)
Mutsuz,İş,Meslektaş,Evet,Evet,Hayır,Tue Feb 23 2021 10:02:49 GMT+0300 (+03)
Heyecanlı,İş,Meslektaş,Bilmiyorum,Evet,Hayır,Tue Feb 23 2021 12:02:21 GMT+0300 (+03)
Yorgun,İş,Meslektaş,Bilmiyorum,Evet,Hayır,Tue Feb 23 2021 14:02:25 GMT+0300 (+03)
Endişeli,İş,Meslektaş,Evet,Evet,Hayır,Tue Feb 23 2021 16:15:02 GMT+0300 (+03)
Yorgun,İş,Meslektaş,Bilmiyorum,Evet,Hayır,Tue Feb 23 2021 18:09:38 GMT+0300 (+03)
Nötr,Sohbet,Aile Üyeleri,Hayır,Bilmiyorum,Hayır,Tue Feb 23 2021 20:16:55 GMT+0300 (+03)
İyi,Müzik Dinlemek,Kimse yok,Hayır,Hayır,Bilmiyorum,Wed Feb 24 2021 10:12:03 GMT+0300 (+03)
Enerjik,Diğer,Kimse yok,Hayır,Hayır,Bilmiyorum,Wed Feb 24 2021 12:04:34 GMT+0300 (+03)
Mutsuz,Diğer,Kimse yok,Evet,Evet,Hayır,Wed Feb 24 2021 14:17:15 GMT+0300 (+03)
Diğer,Çalışma,Aile Üyeleri,Bilmiyorum,Bilmiyorum,Hayır,Wed Feb 24 2021 16:03:09 GMT+0300 (+03)
Yorgun,Diğer,Aile Üyeleri,Bilmiyorum,Bilmiyorum,Hayır,Wed Feb 24 2021 18:25:09 GMT+0300 (+03)
Nötr,Sohbet,Aile Üyeleri,Hayır,Bilmiyorum,Hayır,Wed Feb 24 2021 20:18:51 GMT+0300 (+03)
Nötr,İş,Meslektaş,Hayır,Bilmiyorum,Bilmiyorum,Thu Feb 25 2021 10:03:09 GMT+0300 (+03)
Nötr,Yeme / İçme,Meslektaş,Hayır,Evet,Bilmiyorum,Thu Feb 25 2021 12:02:33 GMT+0300 (+03)
Yorgun,Dinlenme,Aile Üyeleri,Hayır,Hayır,Hayır,Fri Feb 26 2021 19:58:13 GMT+0300 (+03)
Rahat,Sohbet,Aile Üyeleri,Hayır,Hayır,Evet,Sat Feb 27 2021 10:21:33 GMT+0300 (+03)
Mutlu,Yeme / İçme,Aile Üyeleri,Hayır,Hayır,Evet,Sat Feb 27 2021 12:04:47 GMT+0300 (+03)
Enerjik,Yeme / İçme,Aile Üyeleri,Hayır,Hayır,Evet,Sat Feb 27 2021 14:03:14 GMT+0300 (+03)
Mutlu,Dinlenme,Aile Üyeleri,Hayır,Hayır,Hayır,Sat Feb 27 2021 16:02:24 GMT+0300 (+03)
Yorgun,Video İzlemek,Aile Üyeleri,Hayır,Hayır,Hayır,Sat Feb 27 2021 18:03:10 GMT+0300 (+03)
Rahat,Sohbet,Aile Üyeleri,Hayır,Hayır,Hayır,Sat Feb 27 2021 20:00:55 GMT+0300 (+03)
Gergin,İş,Kimse yok,Evet,Hayır,Bilmiyorum,Sun Feb 28 2021 10:03:12 GMT+0300 (+03)
Memnun,İş,Birçok kişi,Hayır,Hayır,Bilmiyorum,Sun Feb 28 2021 12:03:24 GMT+0300 (+03)
Rahat,İş,Birçok kişi,Hayır,Hayır,Evet,Sun Feb 28 2021 14:06:46 GMT+0300 (+03)
Mutlu,Dinlenme,Aile Üyeleri,Hayır,Hayır,Hayır,Sun Feb 28 2021 18:01:47 GMT+0300 (+03)
Rahat,Müzik Dinlemek,Aile Üyeleri,Hayır,Hayır,Hayır,Sun Feb 28 2021 20:00:44 GMT+0300 (+03)
İyi,Çalışma,Aile Üyeleri,Hayır,Hayır,Evet,Mon Mar 01 2021 10:33:00 GMT+0300 (+03)
Memnun,İş,Yabancılar,Hayır,Evet,Evet,Mon Mar 01 2021 12:01:11 GMT+0300 (+03)
İyi,Diğer,Yabancılar,Hayır,Evet,Evet,Mon Mar 01 2021 14:02:49 GMT+0300 (+03)
Rahat,Video İzlemek,Aile Üyeleri,Hayır,Hayır,Evet,Mon Mar 01 2021 16:02:18 GMT+0300 (+03)
Rahat,Dinlenme,Kimse yok,Hayır,Hayır,Hayır,Mon Mar 01 2021 18:50:52 GMT+0300 (+03)
İyi,Hobi,Arkadaşlar,Hayır,Hayır,Hayır,Mon Mar 01 2021 20:46:23 GMT+0300 (+03)
İyi,Dinlenme,Aile Üyeleri,Hayır,Hayır,Evet,Tue Mar 02 2021 10:08:05 GMT+0300 (+03)
Rahat,Video İzlemek,Kimse yok,Hayır,Hayır,Evet,Tue Mar 02 2021 12:02:50 GMT+0300 (+03)
Rahat,Video İzlemek,Kimse yok,Hayır,Hayır,Evet,Tue Mar 02 2021 14:02:28 GMT+0300 (+03)
Mutlu,Video İzlemek,Kimse yok,Hayır,Hayır,Evet,Tue Mar 02 2021 16:02:29 GMT+0300 (+03)
İyi,Sohbet,Yabancılar,Hayır,Hayır,Evet,Tue Mar 02 2021 18:01:03 GMT+0300 (+03)
Rahat,Hobi,Aile Üyeleri,Hayır,Hayır,Hayır,Tue Mar 02 2021 20:03:35 GMT+0300 (+03)
Memnun,Dinlenme,Kimse yok,Hayır,Hayır,Evet,Wed Mar 03 2021 10:18:24 GMT+0300 (+03)
Mutlu,Video İzlemek,Kimse yok,Hayır,Hayır,Evet,Wed Mar 03 2021 11:59:07 GMT+0300 (+03)
İyi,Hobi,Aile Üyeleri,Hayır,Hayır,Hayır,Wed Mar 03 2021 15:58:44 GMT+0300 (+03)
Rahat,Diğer,Kimse yok,Hayır,Hayır,Evet,Wed Mar 03 2021 18:01:03 GMT+0300 (+03)
Endişeli,Video İzlemek,Aile Üyeleri,Hayır,Hayır,Hayır,Wed Mar 03 2021 20:01:02 GMT+0300 (+03)
Rahat,Dinlenme,Kimse yok,Hayır,Hayır,Evet,Thu Mar 04 2021 12:26:08 GMT+0300 (+03)
Rahat,Diğer,Aile Üyeleri,Hayır,Hayır,Evet,Thu Mar 04 2021 13:58:16 GMT+0300 (+03)
Rahat,Diğer,Aile Üyeleri,Hayır,Hayır,Evet,Thu Mar 04 2021 15:59:26 GMT+0300 (+03)
Rahat,Diğer,Birçok kişi,Hayır,Hayır,Evet,Thu Mar 04 2021 18:15:10 GMT+0300 (+03)
Rahat,Yeme / İçme,Aile Üyeleri,Hayır,Hayır,Hayır,Thu Mar 04 2021 20:02:47 GMT+0300 (+03)
Rahat,Video İzlemek,Aile Üyeleri,Hayır,Hayır,Hayır,Thu Mar 04 2021 22:04:00 GMT+0300 (+03)
Kızgın,Boş zaman,Kimse yok,Evet,Bilmiyorum,Bilmiyorum,Sun Mar 07 2021 20:10:37 GMT+0300 (+03)
Gergin,Spor,Kimse yok,Bilmiyorum,Bilmiyorum,Evet,Mon Mar 08 2021 11:51:08 GMT+0300 (+03)
Gergin,Video İzlemek,Kimse yok,Bilmiyorum,Bilmiyorum,Bilmiyorum,Tue Mar 09 2021 15:18:26 GMT+0300 (+03)
Gergin,Video İzlemek,Kimse yok,Bilmiyorum,Bilmiyorum,Bilmiyorum,Tue Mar 09 2021 15:50:11 GMT+0300 (+03)
Mutsuz,Spor,Kimse yok,Bilmiyorum,Bilmiyorum,Bilmiyorum,Tue Mar 09 2021 15:51:07 GMT+0300 (+03)
Kötü,Boş zaman,Aile Üyeleri,Evet,Evet,Bilmiyorum,Wed Mar 10 2021 10:02:44 GMT+0300 (+03)
Kızgın,Dinlenme,Kimse yok,Evet,Bilmiyorum,Bilmiyorum,Wed Mar 10 2021 13:20:30 GMT+0300 (+03)
Gergin,Video İzlemek,Kimse yok,Bilmiyorum,Hayır,Evet,Thu Mar 11 2021 14:25:17 GMT+0300 (+03)
Mutsuz,Çalışma,Kimse yok,Evet,Bilmiyorum,Bilmiyorum,Thu Mar 11 2021 17:13:41 GMT+0300 (+03)
Kızgın,Dinlenme,Kimse yok,Evet,Bilmiyorum,Bilmiyorum,Sat Mar 13 2021 10:49:01 GMT+0300 (+03)
Hasta,Boş zaman,Aile Üyeleri,Evet,Bilmiyorum,Bilmiyorum,Sat Mar 13 2021 21:23:47 GMT+0300 (+03)
Mutsuz,Sohbet,Aile Üyeleri,Bilmiyorum,Bilmiyorum,Bilmiyorum,Sat Mar 13 2021 23:40:16 GMT+0300 (+03)
Gergin,Dinlenme,Aile Üyeleri,Evet,Bilmiyorum,Bilmiyorum,Fr Mar 12 2021 23:40:39 GMT+0300 (+03)
Üzgün,Çalışma,Kimse yok,Evet,Evet,Evet,Mon Mar 15 2021 14:08:01 GMT+0300 (+03)
Üzgün,Müzik Dinlemek,Kimse yok,Evet,Evet,Bilmiyorum,Mon Mar 15 2021 20:24:14 GMT+0300 (+03)
Kötü,Boş zaman,Kimse yok,Evet,Evet,Bilmiyorum,Mon Mar 15 2021 22:14:31 GMT+0300 (+03)
Gergin,Sohbet,Aile Üyeleri,Evet,Bilmiyorum,Bilmiyorum,Mon Mar 12 2021 00:49:00 GMT+0300 (+03)
İyi,Çalışma,Meslektaş,Evet,Evet,Hayır,Tue Mar 23 2021 11:38:14 GMT+0300 (+03)
İyi,Sohbet,Arkadaşlar,Evet,Evet,Bilmiyorum,Tue Mar 23 2021 14:14:29 GMT+0300 (+03)
İyi,İş,Birçok kişi,Evet,Evet,Bilmiyorum,Tue Mar 23 2021 16:16:39 GMT+0300 (+03)
Mutsuz,Dinlenme,Partner,Evet,Hayır,Hayır,Tue Mar 23 2021 19:20:57 GMT+0300 (+03)
İyi,Boş zaman,Kimse yok,Hayır,Bilmiyorum,,Wed Mar 24 2021 12:27:39 GMT+0300 (+03)
Mutlu,Temizlik,Kimse yok,Bilmiyorum,Hayır,Evet,Wed Mar 24 2021 16:27:23 GMT+0300 (+03)
Mutlu,Temizlik,Partner,Hayır,Hayır,Evet,Wed Mar 24 2021 20:54:15 GMT+0300 (+03)
Mutlu,Hobi,Partner,Hayır,Hayır,Evet,Wed Mar 24 2021 21:58:39 GMT+0300 (+03)
İyi,Çalışma,Yönetici,Hayır,Bilmiyorum,Hayır,Thu Mar 25 2021 14:48:10 GMT+0300 (+03)
İyi,Dinlenme,Partner,Hayır,Hayır,Hayır,Thu Mar 25 2021 20:20:54 GMT+0300 (+03)
İyi,Çalışma,Kimse yok,Hayır,Evet,Bilmiyorum,Fri Mar 26 2021 14:51:48 GMT+0300 (+03)
İyi,Dinlenme,Aile Üyeleri,Hayır,Hayır,Hayır,Fri Mar 26 2021 20:17:53 GMT+0300 (+03)
Mutlu,Dinlenme,Aile Üyeleri,Hayır,Evet,Evet,Sat Mar 27 2021 13:12:55 GMT+0300 (+03)
İyi,Çalışma,Aile Üyeleri,Hayır,Evet,Evet,Sun Mar 28 2021 13:52:52 GMT+0300 (+03)
İyi,Çalışma,Kimse yok,Hayır,Evet,Evet,Sun Mar 28 2021 17:40:35 GMT+0300 (+03)
İyi,Çalışma,Kimse yok,Hayır,Evet,Hayır,Mon Mar 29 2021 11:08:59 GMT+0300 (+03)
Rahat,Çalışma,Meslektaş,Hayır,Hayır,Evet,Tue Apr 06 2021 10:36:56 GMT+0300 (+03)
İyi,Çalışma,Meslektaş,Bilmiyorum,Hayır,Bilmiyorum,Tue Apr 06 2021 12:48:38 GMT+0300 (+03)
Yorgun,Çalışma,Meslektaş,Evet,Hayır,Evet,Tue Apr 06 2021 18:54:14 GMT+0300 (+03)
Yorgun,Çalışma,Meslektaş,Evet,Hayır,Evet,Tue Apr 06 2021 18:54:30 GMT+0300 (+03)
Rahat,Dinlenme,Kimse yok,Hayır,Hayır,Evet,Tue Apr 06 2021 20:16:26 GMT+0300 (+03)
Nötr,Çalışma,Meslektaş,Evet,Hayır,Bilmiyorum,Wed Apr 07 2021 16:21:27 GMT+0300 (+03)
Memnun,Çalışma,Meslektaş,Hayır,Hayır,Evet,Wed Apr 07 2021 16:22:42 GMT+0300 (+03)
Rahat,Dinlenme,Meslektaş,Hayır,Hayır,Evet,Wed Apr 07 2021 17:46:32 GMT+0300 (+03)
Rahat,Dinlenme,Aile Üyeleri,Hayır,Hayır,Evet,Wed Apr 07 2021 18:58:14 GMT+0300 (+03)
Hasta,Çalışma,Kimse yok,Evet,Hayır,Hayır,Wed Apr 07 2021 23:44:13 GMT+0300 (+03)
Memnun,Çalışma,Meslektaş,Hayır,Bilmiyorum,Evet,Thu Apr 08 2021 14:11:37 GMT+0300 (+03)
İyi,Çalışma,Arkadaşlar,Hayır,Hayır,Evet,Thu Apr 08 2021 14:12:07 GMT+0300 (+03)
Nötr,Diğer,Kimse yok,Bilmiyorum,Bilmiyorum,Bilmiyorum,Thu Apr 08 2021 17:36:00 GMT+0300 (+03)
İyi,Çalışma,Meslektaş,Hayır,Hayır,Evet,Thu Apr 08 2021 19:05:20 GMT+0300 (+03)
Endişeli,Çalışma,Meslektaş,Evet,Bilmiyorum,Hayır,Thu Apr 08 2021 19:06:11 GMT+0300 (+03)
Memnun,Çalışma,Kimse yok,Evet,Hayır,Evet,Fri Apr 09 2021 14:01:05 GMT+0300 (+03)
Nötr,Diğer,Kimse yok,Bilmiyorum,Bilmiyorum,Bilmiyorum,Fri Apr 09 2021 16:36:05 GMT+0300 (+03)
Memnun,Çalışma,Kimse yok,Hayır,Hayır,Evet,Fri Apr 09 2021 18:02:05 GMT+0300 (+03)
Rahat,Boş zaman,Kimse yok,Bilmiyorum,Bilmiyorum,Bilmiyorum,Fri Apr 09 2021 23:37:26 GMT+0300 (+03)
Mutlu,Yeme / İçme,Aile Üyeleri,Hayır,Hayır,Evet,Sat Apr 10 2021 14:38:32 GMT+0300 (+03)
Enerjik,Temizlik,Aile Üyeleri,Hayır,Hayır,Evet,Sat Apr 10 2021 16:26:15 GMT+0300 (+03)
Rahat,Sohbet,Arkadaşlar,Hayır,Hayır,Evet,Sat Apr 10 2021 19:51:04 GMT+0300 (+03)
Memnun,Farkındalık Çalışmaları,Arkadaşlar,Hayır,Hayır,Evet,Sat Apr 10 2021 20:53:59 GMT+0300 (+03)
Mutlu,Dinlenme,Kimse yok,Hayır,Hayır,Evet,Sun Apr 11 2021 01:19:28 GMT+0300 (+03)
Rahat,Video İzlemek,Kimse yok,Hayır,Hayır,Bilmiyorum,Sun Apr 11 2021 03:13:26 GMT+0300 (+03)
Rahat,Yeme / İçme,Aile Üyeleri,Hayır,Hayır,Evet,Sun Apr 11 2021 14:44:21 GMT+0300 (+03)
Mutlu,Diğer,Arkadaşlar,Hayır,Hayır,Evet,Sun Apr 11 2021 16:39:47 GMT+0300 (+03)
Nötr,Boş zaman,Kimse yok,Hayır,Hayır,Bilmiyorum,Sun Apr 11 2021 18:39:01 GMT+0300 (+03)
Nötr,Farkındalık Çalışmaları,Kimse yok,Hayır,Evet,Evet,Sun Apr 11 2021 20:33:52 GMT+0300 (+03)
Rahat,Video İzlemek,Aile Üyeleri,Evet,Hayır,Hayır,Sun Apr 11 2021 23:24:02 GMT+0300 (+03)
Nötr,Boş zaman,Aile Üyeleri,Evet,Hayır,Hayır,Sun Apr 11 2021 23:49:28 GMT+0300 (+03)
İyi,Çalışma,Meslektaş,Bilmiyorum,Hayır,Evet,Mon Apr 12 2021 11:01:56 GMT+0300 (+03)
Mutlu,Çalışma,Kimse yok,Hayır,Hayır,Evet,Mon Apr 12 2021 13:02:53 GMT+0300 (+03)
Rahat,Çalışma,Meslektaş,Hayır,Hayır,Evet,Mon Apr 12 2021 14:49:10 GMT+0300 (+03)
Nötr,Diğer,Kimse yok,Bilmiyorum,Bilmiyorum,Bilmiyorum,Mon Apr 12 2021 15:53:18 GMT+0300 (+03)\"
Nötr,Diğer,Kimse yok,Bilmiyorum,Bilmiyorum,Bilmiyorum,Mon Apr 12 2021 18:02:18 GMT+0300 (+03)\"
Nötr,Diğer,Kimse yok,Bilmiiyorum,Bilmiyorum,Bilmiyorum,Mon Apr 12 2021 20:03:18 GMT+0300 (+03)\"
Rahat,Dinlenme,Kimse yok,Hayır,Bilmiyorum,Evet,Mon Apr 12 2021 22:42:18 GMT+0300 (+03)
Mutsuz,Çalışma,Kimse yok,Evet,Evet,Bilmiyorum,Sun Apr 04 2021 19:09:34 GMT+0300 (+03)
Kötü,Çalışma,Kimse yok,Evet,Bilmiyorum,Hayır,Sun Apr 04 2021 19:10:00 GMT+0300 (+03)
Mutsuz,Sohbet,Aile Üyeleri,Evet,Bilmiyorum,Evet,Fri Apr 16 2021 12:06:42 GMT+0300 (+03)
Gergin,Boş zaman,Aile Üyeleri,Evet,Bilmiyorum,Evet,Fri Apr 16 2021 12:26:20 GMT+0300 (+03)
İyi,Çalışma,Kimse yok,Hayır,Hayır,Evet,Fri Apr 16 2021 12:59:30 GMT+0300 (+03)
Gergin,Diğer,Aile Üyeleri,Evet,Bilmiyorum,Evet,Fri Apr 16 2021 15:21:56 GMT+0300 (+03)
İyi,Çalışma,Kimse yok,Hayır,Hayır,Evet,Fri Apr 16 2021 16:03:14 GMT+0300 (+03)
İyi,Çalışma,Kimse yok,Hayır,Bilmiyorum,Evet,Fri Apr 16 2021 16:38:04 GMT+0300 (+03)
Endişeli,Çalışma,Kimse yok,Evet,Bilmiyorum,Bilmiyorum,Fri Apr 16 2021 17:53:49 GMT+0300 (+03)
Endişeli,Çalışma,Kimse yok,Bilmiyorum,Bilmiyorum,Bilmiyorum,Sat Apr 17 2021 14:07:53 GMT+0300 (+03)
Kötü,Çalışma,Kimse yok,Bilmiyorum,Evet,Bilmiyorum,Sat Apr 17 2021 18:51:44 GMT+0300 (+03)
Endişeli,Çalışma,Kimse yok,Evet,Bilmiyorum,Bilmiyorum,Mon Apr 19 2021 19:48:52 GMT+0300 (+03)
Endişeli,Çalışma,Kimse yok,Evet,Evet,Bilmiyorum,Tue Apr 20 2021 20:47:47 GMT+0300 (+03)
Mutsuz,Çalışma,Kimse yok,Evet,Evet,Bilmiyorum,Wed Apr 21 2021 17:20:58 GMT+0300 (+03)
Mutsuz,Çalışma,Kimse yok,Bilmiyorum,Bilmiyorum,Bilmiyorum,Fri Apr 23 2021 12:52:18 GMT+0300 (+03)
Mutsuz,Çalışma,Kimse yok,Bilmiyorum,Bilmiyorum,Bilmiyorum,Fri Apr 23 2021 12:52:37 GMT+0300 (+03)
Gergin,Çalışma,Kimse yok,Bilmiyorum,Bilmiyorum,Bilmiyorum,Fri Apr 23 2021 12:53:06 GMT+0300 (+03)
Gergin,İş,Kimse yok,Bilmiyorum,Bilmiyorum,Bilmiyorum,Fri Apr 23 2021 12:53:56 GMT+0300 (+03)
Gergin,Çalışma,Kimse yok,Bilmiyorum,Bilmiyorum,Bilmiyorum,Fri Apr 23 2021 12:54:17 GMT+0300 (+03)
Mutsuz,Boş zaman,Kimse yok,Bilmiyorum,Bilmiyorum,Bilmiyorum,Wed Apr 28 2021 16:20:48 GMT+0300 (+03)
Endişeli,Çalışma,Kimse yok,Bilmiyorum,Evet,Evet,Wed Apr 28 2021 18:26:22 GMT+0300 (+03)
Mutlu,Temizlik,Yabancılar,Hayır,Hayır,Hayır,Tue May 11 2021 10:20:36 GMT+0300 (+03)
Mutlu,İş,Kimse yok,Hayır,Hayır,Hayır,Tue May 11 2021 12:03:50 GMT+0300 (+03)
Mutlu,İş,Kimse yok,Hayır,Hayır,Hayır,Tue May 11 2021 14:05:00 GMT+0300 (+03)
Mutlu,İş,Kimse yok,Hayır,Hayır,Hayır,Tue May 11 2021 16:03:02 GMT+0300 (+03)
Gergin,Dinlenme,Kimse yok,Hayır,Hayır,Hayır,Tue May 11 2021 18:12:48 GMT+0300 (+03)
Mutlu,Yeme / İçme,Aile Üyeleri,Hayır,Hayır,Hayır,Tue May 11 2021 20:54:27 GMT+0300 (+03)
Mutlu,Boş zaman,Kimse yok,Hayır,Hayır,Evet,Wed May 12 2021 08:57:36 GMT+0300 (+03)
Mutlu,Yeme / İçme,Aile Üyeleri,Hayır,Hayır,Hayır,Wed May 12 2021 13:02:58 GMT+0300 (+03)
Mutlu,Dinlenme,Kimse yok,Hayır,Hayır,Hayır,Wed May 12 2021 16:14:22 GMT+0300 (+03)
Mutlu,Dinlenme,Kimse yok,Hayır,Hayır,Evet,Wed May 12 2021 12:57:36 GMT+0300 (+03)
Mutlu,Yeme / İçme,Aile Üyeleri,Hayır,Hayır,Evet,Thu May 13 2021 09:02:20 GMT+0300 (+03)
Gergin,Dinlenme,Aile Üyeleri,Hayır,Hayır,Evet,Thu May 13 2021 10:16:50 GMT+0300 (+03)
Nötr,Dinlenme,Kimse yok,Bilmiyorum,Bilmiyorum,Bilmiyorum,Thu May 13 2021 12:02:02 GMT+0300 (+03)
Gergin,Yeme / İçme,Aile Üyeleri,Hayır,Hayır,Evet,Thu May 13 2021 13:43:02 GMT+0300 (+03)
İyi,İş,Meslektaş,Evet,Hayır,Evet,Mon May 17 2021 10:02:12 GMT+0300 (+03)
İyi,İş,Meslektaş,Evet,Evet,Hayır,Mon May 17 2021 12:02:55 GMT+0300 (+03)
İyi,İş,Meslektaş,Hayır,Evet,Hayır,Mon May 17 2021 14:08:35 GMT+0300 (+03)
Mutsuz,İş,Meslektaş,Evet,Evet,Hayır,Mon May 17 2021 16:05:48 GMT+0300 (+03)
Yorgun,Yeme / İçme,Aile Üyeleri,Hayır,Hayır,Hayır,Mon May 17 2021 18:03:17 GMT+0300 (+03)
Rahat,Sohbet,Aile Üyeleri,Hayır,Hayır,Hayır,Mon May 17 2021 20:06:56 GMT+0300 (+03)
İyi,İş,Meslektaş,Hayır,Hayır,Evet,Tue May 18 2021 10:04:08 GMT+0300 (+03)
İyi,İş,Meslektaş,Hayır,Hayır,Evet,Tue May 18 2021 12:02:10 GMT+0300 (+03)
İyi,İş,Meslektaş,Hayır,Evet,Hayır,Tue May 18 2021 14:01:52 GMT+0300 (+03)
Mutsuz,İş,Meslektaş,Hayır,Evet,Hayır,Tue May 18 2021 16:02:31 GMT+0300 (+03)
İyi,Dinlenme,Aile Üyeleri,Hayır,Hayır,Hayır,Tue May 18 2021 18:02:09 GMT+0300 (+03)
İyi,Dinlenme,Aile Üyeleri,Hayır,Hayır,Bilmiyorum,Tue May 18 2021 20:02:59 GMT+0300 (+03)
Mutlu,Dinlenme,Kimse yok,Hayır,Hayır,Evet,Wed May 19 2021 10:05:17 GMT+0300 (+03)
İyi,İş,Aile Üyeleri,Hayır,Hayır,Evet,Wed May 19 2021 12:01:08 GMT+0300 (+03)
Mutlu,Sohbet,Aile Üyeleri,Hayır,Hayır,Evet,Wed May 19 2021 16:02:02 GMT+0300 (+03)
İyi,Yeme / İçme,Aile Üyeleri,Hayır,Hayır,Bilmiyorum,Wed May 19 2021 18:01:45 GMT+0300 (+03)
Mutlu,Yeme / İçme,Aile Üyeleri,Hayır,Hayır,Evet,Wed May 19 2021 20:01:32 GMT+0300 (+03)
İyi,Çalışma,Meslektaş,Hayır,Hayır,Evet,Thu May 20 2021 10:02:13 GMT+0300 (+03)
İyi,İş,Meslektaş,Hayır,Hayır,Evet,Thu May 20 2021 12:02:10 GMT+0300 (+03)
Mutlu,İş,Meslektaş,Hayır,Hayır,Hayır,Thu May 20 2021 14:01:51 GMT+0300 (+03)
İyi,İş,Meslektaş,Hayır,Evet,Hayır,Thu May 20 2021 16:01:34 GMT+0300 (+03)
İyi,Yeme / İçme,Aile Üyeleri,Hayır,Hayır,Evet,Thu May 20 2021 18:01:54 GMT+0300 (+03)
İyi,Çalışma,Meslektaş,Evet,Evet,Bilmiyorum,Fri May 21 2021 10:05:20 GMT+0300 (+03)
İyi,İş,Meslektaş,Hayır,Hayır,Evet,Fri May 21 2021 12:01:37 GMT+0300 (+03)
İyi,İş,Meslektaş,Hayır,Hayır,Evet,Fri May 21 2021 14:10:44 GMT+0300 (+03)
İyi,Çalışma,Meslektaş,Hayır,Evet,Hayır,Fri May 21 2021 16:01:32 GMT+0300 (+03)
Mutlu,Yeme / İçme,Arkadaşlar,Hayır,Hayır,Evet,Fri May 21 2021 18:05:34 GMT+0300 (+03)
Mutlu,Sohbet,Arkadaşlar,Hayır,Hayır,Evet,Fri May 21 2021 20:01:42 GMT+0300 (+03)
Mutlu,İş,Meslektaş,Hayır,Hayır,Evet,Sat May 22 2021 10:01:57 GMT+0300 (+03)
Mutlu,Çalışma,Meslektaş,Hayır,Evet,Evet,Sat May 22 2021 12:01:35 GMT+0300 (+03)
İyi,Sohbet,Aile Üyeleri,Hayır,Hayır,Evet,Sat May 22 2021 14:06:46 GMT+0300 (+03)
İyi,Temizlik,Aile Üyeleri,Hayır,Hayır,Evet,Sat May 22 2021 16:01:57 GMT+0300 (+03)
Mutlu,Boş zaman,Aile Üyeleri,Hayır,Hayır,Evet,Sat May 22 2021 18:02:37 GMT+0300 (+03)
Mutlu,Yeme / İçme,Aile Üyeleri,Hayır,Hayır,Evet,Sun May 23 2021 10:01:58 GMT+0300 (+03)
Mutlu,Dinlenme,Aile Üyeleri,Hayır,Hayır,Evet,Sun May 23 2021 12:01:45 GMT+0300 (+03)
İyi,Dinlenme,Aile Üyeleri,Hayır,Hayır,Evet,Sun May 23 2021 14:03:20 GMT+0300 (+03)
İyi,Temizlik,Aile Üyeleri,Hayır,Hayır,Bilmiyorum,Sun May 23 2021 16:01:36 GMT+0300 (+03)
Mutsuz,Dinlenme,Aile Üyeleri,Hayır,Hayır,Evet,Sun May 23 2021 18:05:41 GMT+0300 (+03)
İyi,Dinlenme,Aile Üyeleri,Hayır,Hayır,Bilmiyorum,Sun May 23 2021 20:02:12 GMT+0300 (+03)
Mutlu,Dinlenme,Kimse yok,Hayır,Hayır,Hayır,Wed May 26 2021 10:27:10 GMT+0300 (+03)
İyi,Video İzlemek,Aile Üyeleri,Hayır,Hayır,Evet,Wed May 26 2021 12:07:57 GMT+0300 (+03)
Yorgun,İş,Kimse yok,Hayır,Evet,Hayır,Wed May 26 2021 14:57:16 GMT+0300 (+03)
İyi,Yeme / İçme,Kimse yok,Hayır,Hayır,Hayır,Wed May 26 2021 18:06:13 GMT+0300 (+03)
İyi,Video İzlemek,Kimse yok,Hayır,Hayır,Hayır,Wed May 26 2021 20:05:42 GMT+0300 (+03)
Gergin,İş,Yabancılar,Evet,Evet,Hayır,Thu May 27 2021 10:02:05 GMT+0300 (+03)
Mutlu,Sohbet,Aile Üyeleri,Hayır,Hayır,Evet,Thu May 27 2021 14:18:53 GMT+0300 (+03)
Mutlu,Sohbet,Aile Üyeleri,Hayır,Hayır,Evet,Thu May 27 2021 16:23:13 GMT+0300 (+03)
İyi,Dinlenme,Aile Üyeleri,Evet,Hayır,Evet,Thu May 27 2021 21:45:02 GMT+0300 (+03)
Gergin,Çalışma,,Evet,Evet,Evet,Fri May 28 2021 10:13:56 GMT+0300 (+03)
Mutlu,Yeme / İçme,Kimse yok,Hayır,Hayır,Evet,Fri May 28 2021 13:43:57 GMT+0300 (+03)
Mutlu,İş,Kimse yok,Hayır,Hayır,Evet,Fri May 28 2021 14:59:59 GMT+0300 (+03)
İyi,Spor,Kimse yok,Hayır,Hayır,Evet,Fri May 28 2021 16:06:19 GMT+0300 (+03)
Mutlu,Dinlenme,Aile Üyeleri,Hayır,Hayır,Evet,Fri May 28 2021 18:17:10 GMT+0300 (+03)
Mutlu,Yeme / İçme,Aile Üyeleri,Hayır,Hayır,Evet,Fri May 28 2021 20:31:24 GMT+0300 (+03)
Mutlu,Spor,Kimse yok,Hayır,Hayır,Evet,Sat May 29 2021 10:16:46 GMT+0300 (+03)
İyi,Dinlenme,Kimse yok,Hayır,Hayır,Evet,Sat May 29 2021 12:16:34 GMT+0300 (+03)
Mutlu,Yeme / İçme,Kimse yok,Hayır,Hayır,Evet,Sat May 29 2021 14:41:51 GMT+0300 (+03)
Mutlu,Dinlenme,Aile Üyeleri,Hayır,Hayır,Evet,Sat May 29 2021 16:02:59 GMT+0300 (+03)
Mutlu,Yeme / İçme,Aile Üyeleri,Evet,Hayır,Hayır,Sat May 29 2021 17:18:36 GMT+0300 (+03)
Gergin,İş,Aile Üyeleri,Evet,Evet,Evet,Sat May 29 2021 18:30:14 GMT+0300 (+03)
Nötr,Spor,Kimse yok,Evet,Hayır,Evet,Sun May 30 2021 11:53:15 GMT+0300 (+03)
Nötr,Dinlenme,Kimse yok,Evet,Hayır,Evet,Sun May 30 2021 12:17:17 GMT+0300 (+03)
Mutlu,Yeme / İçme,Aile Üyeleri,Hayır,Hayır,Hayır,Sun May 30 2021 14:37:01 GMT+0300 (+03)
İyi,Dinlenme,Aile Üyeleri,Bilmiyorum,Bilmiyorum,Evet,Sun May 30 2021 18:11:33 GMT+0300 (+03)
Mutlu,İş,Aile Üyeleri,Hayır,Hayır,Evet,Sun May 30 2021 19:48:57 GMT+0300 (+03)
Gergin,İş,Aile Üyeleri,Evet,Evet,Bilmiyorum,Mon May 31 2021 10:17:46 GMT+0300 (+03)
Mutlu,Yeme / İçme,Aile Üyeleri,Evet,Hayır,Evet,Mon May 31 2021 13:48:38 GMT+0300 (+03)
Mutlu,Yeme / İçme,Aile Üyeleri,Hayır,Hayır,Hayır,Mon May 31 2021 18:12:28 GMT+0300 (+03)
Mutlu,Spor,Aile Üyeleri,Hayır,Hayır,Hayır,Mon May 31 2021 20:34:03 GMT+0300 (+03)
İyi,Spor,Yabancılar,Hayır,Evet,Evet,Tue Jun 01 2021 10:26:39 GMT+0300 (+03)
Mutlu,İş,Meslektaş,Hayır,Hayır,Evet,Tue Jun 01 2021 12:17:27 GMT+0300 (+03)
İyi,İş,Meslektaş,Hayır,Hayır,Evet,Tue Jun 01 2021 14:16:47 GMT+0300 (+03)
Mutlu,İş,Meslektaş,Hayır,Hayır,Evet,Tue Jun 01 2021 16:32:31 GMT+0300 (+03)
Mutlu,Yeme / İçme,Aile Üyeleri,Hayır,Hayır,Hayır,Tue Jun 01 2021 18:16:39 GMT+0300 (+03)
İyi,Boş zaman,Kimse yok,Hayır,Hayır,Bilmiyorum,Wed Jun 02 2021 11:37:19 GMT+0300 (+03)
İyi,Yeme / İçme,Aile Üyeleri,Hayır,Bilmiyorum,Evet,Wed Jun 02 2021 11:37:55 GMT+0300 (+03)
İyi,Video İzlemek,Aile Üyeleri,Hayır,Hayır,Evet,Wed Jun 02 2021 12:05:51 GMT+0300 (+03)
Hasta,Çalışma,Kimse yok,Bilmiyorum,Evet,Evet,Wed Jun 02 2021 14:10:10 GMT+0300 (+03)
Endişeli,Çalışma,Kimse yok,Evet,Hayır,Evet,Wed Jun 02 2021 15:26:19 GMT+0300 (+03)
İyi,Çalışma,Kimse yok,Hayır,Evet,Evet,Wed Jun 02 2021 16:01:36 GMT+0300 (+03)
İyi,Yeme / İçme,Aile Üyeleri,Hayır,Hayır,Evet,Wed Jun 02 2021 17:45:40 GMT+0300 (+03)
Gergin,Sohbet,Aile Üyeleri,Bilmiyorum,Evet,Bilmiyorum,Wed Jun 02 2021 20:02:13 GMT+0300 (+03)
Kötü,Çalışma,Kimse yok,Evet,Evet,Hayır,Wed Jun 02 2021 23:45:50 GMT+0300 (+03)
Yorgun,Boş zaman,Kimse yok,Bilmiyorum,Bilmiyorum,Bilmiyorum,Thu Jun 03 2021 11:01:01 GMT+0300 (+03)
İyi,Diğer,Aile Üyeleri,Hayır,Hayır,Evet,Thu Jun 03 2021 12:13:21 GMT+0300 (+03)
İyi,Sohbet,Aile Üyeleri,Hayır,Hayır,Evet,Thu Jun 03 2021 14:18:16 GMT+0300 (+03)
İyi,Sohbet,Aile Üyeleri,Hayır,Hayır,Evet,Thu Jun 03 2021 16:17:58 GMT+0300 (+03)
İyi,Spor,Arkadaşlar,Hayır,Hayır,Evet,Thu Jun 03 2021 19:02:16 GMT+0300 (+03)
Üzgün,Yeme / İçme,Arkadaşlar,Bilmiyorum,Evet,Evet,Thu Jun 03 2021 19:51:18 GMT+0300 (+03)
Gergin,Sohbet,Arkadaşlar,Bilmiyorum,Bilmiyorum,Evet,Thu Jun 03 2021 20:13:34 GMT+0300 (+03)
Gergin,Spor,Arkadaşlar,Evet,Evet,Evet,Thu Jun 03 2021 21:01:11 GMT+0300 (+03)
Yorgun,Çalışma,Kimse yok,Evet,Evet,Bilmiyorum,Thu Jun 03 2021 23:22:35 GMT+0300 (+03)
Kötü,Diğer,Kimse yok,Evet,Evet,Evet,Fri Jun 04 2021 11:58:56 GMT+0300 (+03)
Hasta,Çalışma,Kimse yok,Evet,Evet,Bilmiyorum,Fri Jun 04 2021 12:25:13 GMT+0300 (+03)
Mutsuz,Dinlenme,Kimse yok,Bilmiyorum,Evet,Bilmiyorum,Fri Jun 04 2021 15:30:03 GMT+0300 (+03)
Kötü,Dinlenme,Kimse yok,Evet,Evet,Bilmiyorum,Fri Jun 04 2021 16:02:19 GMT+0300 (+03)
İyi,Video İzlemek,Kimse yok,Hayır,Hayır,Evet,Fri Jun 04 2021 17:52:17 GMT+0300 (+03)
İyi,Dinlenme,Kimse yok,Bilmiyorum,Evet,Bilmiyorum,Fri Jun 04 2021 20:03:51 GMT+0300 (+03)
Kızgın,Temizlik,Kimse yok,Evet,Evet,Evet,Sat Jun 05 2021 10:04:53 GMT+0300 (+03)
Hasta,Yeme / İçme,Aile Üyeleri,Evet,Evet,Evet,Sat Jun 05 2021 12:12:14 GMT+0300 (+03)
İyi,Dinlenme,Evcil Dostlar,Bilmiyorum,Bilmiyorum,Evet,Sat Jun 05 2021 14:12:29 GMT+0300 (+03)
Kızgın,Sohbet,Aile Üyeleri,Evet,Evet,Bilmiyorum,Sat Jun 05 2021 16:26:07 GMT+0300 (+03)
İyi,Sohbet,Aile Üyeleri,Hayır,Hayır,Evet,Sat Jun 05 2021 18:20:01 GMT+0300 (+03)
İyi,Çalışma,Kimse yok,Hayır,Bilmiyorum,Bilmiyorum,Sat Jun 05 2021 22:13:32 GMT+0300 (+03)
İyi,Dinlenme,Aile Üyeleri,Hayır,Bilmiyorum,Evet,Sun Jun 06 2021 11:44:48 GMT+0300 (+03)
Üzgün,Dinlenme,Kimse yok,Evet,Evet,Bilmiyorum,Sun Jun 06 2021 12:17:45 GMT+0300 (+03)
İyi,Video İzlemek,Kimse yok,Hayır,Hayır,Evet,Sun Jun 06 2021 14:39:08 GMT+0300 (+03)
İyi,Yeme / İçme,Aile Üyeleri,Bilmiyorum,Hayır,Bilmiyorum,Sun Jun 06 2021 21:12:03 GMT+0300 (+03)
İyi,Müzik Dinlemek,Kimse yok,Hayır,Hayır,Evet,Sun Jun 06 2021 23:51:42 GMT+0300 (+03)
Mutsuz,Çalışma,Kimse yok,Evet,Evet,Bilmiyorum,Mon Jun 07 2021 00:25:13 GMT+0300 (+03)
Mutsuz,Çalışma,Kimse yok,Evet,Evet,Bilmiyorum,Mon Jun 07 2021 00:39:08 GMT+0300 (+03)
Mutsuz,Çalışma,Kimse yok,Evet,Evet,Hayır,Mon Jun 07 2021 01:58:27 GMT+0300 (+03)
Kötü,Çalışma,Kimse yok,Evet,Bilmiyorum,Hayır,Mon Jun 07 2021 02:15:49 GMT+0300 (+03)
İyi,Dinlenme,Kimse yok,Hayır,Bilmiyorum,Evet,Mon Jun 07 2021 11:45:00 GMT+0300 (+03)
Gergin,Sohbet,Aile Üyeleri,Bilmiyorum,Bilmiyorum,Evet,Mon Jun 07 2021 12:53:14 GMT+0300 (+03)
Yorgun,İş,Kimse yok,Bilmiyorum,Bilmiyorum,Bilmiyorum,Mon Jun 07 2021 13:39:53 GMT+0300 (+03)
Kötü,Çalışma,Kimse yok,Bilmiyorum,Bilmiyorum,Bilmiyorum,Mon Jun 07 2021 14:17:52 GMT+0300 (+03)
İyi,Video İzlemek,Aile Üyeleri,Hayır,Hayır,Evet,Mon Jun 07 2021 16:16:39 GMT+0300 (+03)
İyi,Yeme / İçme,Aile Üyeleri,Hayır,Hayır,Evet,Mon Jun 07 2021 18:02:52 GMT+0300 (+03)
Üzgün,Çalışma,Kimse yok,Bilmiyorum,Bilmiyorum,Bilmiyorum,Mon Jun 07 2021 20:05:19 GMT+0300 (+03)
Kötü,Dinlenme,Aile Üyeleri,Bilmiyorum,Bilmiyorum,Bilmiyorum,Tue Jun 08 2021 12:05:51 GMT+0300 (+03)
Yorgun,Çalışma,Kimse yok,Bilmiyorum,Bilmiyorum,Bilmiyorum,Tue Jun 08 2021 12:06:10 GMT+0300 (+03)
İyi,Video İzlemek,Aile Üyeleri,Hayır,Bilmiyorum,Bilmiyorum,Tue Jun 08 2021 15:52:17 GMT+0300 (+03)
Kızgın,Yeme / İçme,Aile Üyeleri,Evet,Evet,Bilmiyorum,Tue Jun 08 2021 18:06:23 GMT+0300 (+03)
Nötr,Video İzlemek,Kimse yok,Bilmiyorum,Bilmiyorum,Bilmiyorum,Wed Jun 09 2021 12:04:26 GMT+0300 (+03)
Yorgun,Dinlenme,Kimse yok,Bilmiyorum,Evet,Bilmiyorum,Wed Jun 09 2021 14:44:56 GMT+0300 (+03)
Gergin,Video İzlemek,Aile Üyeleri,Bilmiyorum,Evet,Bilmiyorum,Wed Jun 09 2021 16:19:17 GMT+0300 (+03)
Hasta,Sohbet,Aile Üyeleri,Evet,Evet,Bilmiyorum,Wed Jun 09 2021 18:17:09 GMT+0300 (+03)
Yorgun,Dinlenme,Aile Üyeleri,Evet,Evet,Bilmiyorum,Wed Jun 09 2021 19:26:44 GMT+0300 (+03)
İyi,Boş zaman,Aile Üyeleri,Hayır,Hayır,Evet,Thu Jun 10 2021 12:47:38 GMT+0300 (+03)
Kötü,Temizlik,Aile Üyeleri,Bilmiyorum,Evet,Bilmiyorum,Thu Jun 10 2021 16:07:49 GMT+0300 (+03)
İyi,Yeme / İçme,Aile Üyeleri,Hayır,Hayır,Evet,Thu Jun 10 2021 16:08:06 GMT+0300 (+03)
Kötü,Sohbet,Arkadaşlar,Evet,Evet,Bilmiyorum,Thu Jun 10 2021 23:05:16 GMT+0300 (+03)
Mutsuz,Boş zaman,Kimse yok,Bilmiyorum,Evet,Bilmiyorum,Fri Jun 11 2021 01:57:49 GMT+0300 (+03)
Endişeli,Sohbet,Aile Üyeleri,Bilmiyorum,Evet,Bilmiyorum,Fri Jun 11 2021 11:42:37 GMT+0300 (+03)
Kötü,Çalışma,Kimse yok,Bilmiyorum,Bilmiyorum,Bilmiyorum,Fri Jun 11 2021 11:48:49 GMT+0300 (+03)
Üzgün,Çalışma,Kimse yok,Evet,Evet,Bilmiyorum,Fri Jun 11 2021 12:03:46 GMT+0300 (+03)
Endişeli,Sohbet,Arkadaşlar,Evet,Evet,Bilmiyorum,Fri Jun 11 2021 22:42:30 GMT+0300 (+03)
İyi,Yeme / İçme,Aile Üyeleri,Hayır,Hayır,Evet,Sat Jun 12 2021 10:50:10 GMT+0300 (+03)
İyi,Dinlenme,Aile Üyeleri,Hayır,Hayır,Evet,Sat Jun 12 2021 12:41:04 GMT+0300 (+03)
Yorgun,Çalışma,Aile Üyeleri,Bilmiyorum,Bilmiyorum,Bilmiyorum,Sat Jun 12 2021 16:54:57 GMT+0300 (+03)
Heyecanlı,Sohbet,Aile Üyeleri,Bilmiyorum,Bilmiyorum,Bilmiyorum,Sat Jun 12 2021 17:12:55 GMT+0300 (+03)
Gergin,Sohbet,Aile Üyeleri,Bilmiyorum,Bilmiyorum,Bilmiyorum,Sun Jun 13 2021 10:08:54 GMT+0300 (+03)
İyi,Dinlenme,Aile Üyeleri,Bilmiyorum,Bilmiyorum,Bilmiyorum,Sun Jun 13 2021 12:49:43 GMT+0300 (+03)
İyi,Sohbet,Aile Üyeleri,Hayır,Hayır,Evet,Sun Jun 13 2021 13:15:54 GMT+0300 (+03)
Kötü,Sohbet,Aile Üyeleri,Evet,Bilmiyorum,Hayır,Sun Jun 13 2021 14:34:03 GMT+0300 (+03)
Heyecanlı,Sohbet,Yabancılar,Bilmiyorum,Evet,Evet,Mon Jun 14 2021 11:00:34 GMT+0300 (+03)
Heyecanlı,Spor,Kimse yok,Bilmiyorum,Bilmiyorum,Evet,Mon Jun 14 2021 13:26:01 GMT+0300 (+03)
İyi,Diğer,Aile Üyeleri,Hayır,Hayır,Evet,Mon Jun 14 2021 19:24:38 GMT+0300 (+03)
Yorgun,Sohbet,Aile Üyeleri,Evet,Evet,Bilmiyorum,Mon Jun 14 2021 22:01:00 GMT+0300 (+03)
Yorgun,Sohbet,Aile Üyeleri,Evet,Evet,Hayır,Mon Jun 14 2021 23:01:00 GMT+0300 (+03)
Üzgün,Müzik Dinlemek,Kimse yok,Evet,Evet,Bilmiyorum,Tue Jun 15 2021 11:42:48 GMT+0300 (+03)
Üzgün,Dinlenme,Kimse yok,Evet,Evet,Bilmiyorum,Tue Jun 15 2021 11:57:35 GMT+0300 (+03)
Yorgun,Dinlenme,Kimse yok,Hayır,Evet,Bilmiyorum,Tue Jun 15 2021 19:21:06 GMT+0300 (+03)
Yorgun,Dinlenme,Kimse yok,Hayır,Hayır,Bilmiyorum,Tue Jun 15 2021 20:56:15 GMT+0300 (+03)
İyi,Yeme / İçme,Aile Üyeleri,Bilmiyorum,Evet,Evet,Wed Jun 16 2021 14:05:39 GMT+0300 (+03)
Yorgun,Yeme / İçme,Aile Üyeleri,Hayır,Bilmiyorum,Bilmiyorum,Wed Jun 16 2021 16:19:45 GMT+0300 (+03)
Gergin,Çalışma,Kimse yok,Evet,Evet,Bilmiyorum,Wed Jun 16 2021 17:45:24 GMT+0300 (+03)
Endişeli,Çalışma,Kimse yok,Evet,Evet,Hayır,Wed Jun 16 2021 20:05:39 GMT+0300 (+03)
Gergin,Çalışma,Kimse yok,Evet,Evet,Hayır,Wed Jun 16 2021 19:05:39 GMT+0300 (+03)
İyi,Dinlenme,Kimse yok,Hayır,Hayır,Evet,Thu Jun 17 2021 10:23:52 GMT+0300 (+03)
İyi,Farkındalık Çalışmaları,Kimse yok,Hayır,Hayır,Evet,Thu Jun 17 2021 11:10:23 GMT+0300 (+03)
Rahat,Farkındalık Çalışmaları,Kimse yok,Hayır,Bilmiyorum,Bilmiyorum,Thu Jun 17 2021 11:10:57 GMT+0300 (+03)
Endişeli,Diğer,Kimse yok,Evet,Evet,Bilmiyorum,Thu Jun 17 2021 16:03:40 GMT+0300 (+03)
Gergin,Sohbet,Aile Üyeleri,Evet,Evet,Bilmiyorum,Thu Jun 17 2021 20:24:59 GMT+0300 (+03)
Gergin,Sohbet,Birçok kişi,Evet,Evet,Evet,Fri Jun 18 2021 14:17:21 GMT+0300 (+03)
İyi,Video İzlemek,Aile Üyeleri,Hayır,Hayır,Evet,Fri Jun 18 2021 17:33:07 GMT+0300 (+03)
Endişeli,Sohbet,Aile Üyeleri,Evet,Evet,Evet,Fri Jun 18 2021 17:45:07 GMT+0300 (+03)
Gergin,Sohbet,Aile Üyeleri,Evet,Evet,Bilmiyorum,Fri Jun 18 2021 20:13:16 GMT+0300 (+03)
Gergin,Sohbet,Aile Üyeleri,Evet,Evet,Evet,Sat Jun 19 2021 00:41:18 GMT+0300 (+03)
İyi,Diğer,Aile Üyeleri,Hayır,Hayır,Evet,Sat Jun 19 2021 13:34:59 GMT+0300 (+03)
İyi,Sohbet,Aile Üyeleri,Hayır,Hayır,Evet,Sat Jun 19 2021 15:49:49 GMT+0300 (+03)
İyi,Sohbet,Aile Üyeleri,Bilmiyorum,Bilmiyorum,Bilmiyorum,Sat Jun 19 2021 18:44:19 GMT+0300 (+03)
Yorgun,Sohbet,Aile Üyeleri,Bilmiyorum,Bilmiyorum,Hayır,Sat Jun 19 2021 20:02:30 GMT+0300 (+03)
Kötü,Çalışma,Kimse yok,Evet,Evet,Bilmiyorum,Sun Jun 20 2021 01:06:14 GMT+0300 (+03)
İyi,Dinlenme,Kimse yok,Evet,Hayır,Bilmiyorum,Sun Jun 20 2021 11:48:48 GMT+0300 (+03)
İyi,Yeme / İçme,Aile Üyeleri,Hayır,Bilmiyorum,Bilmiyorum,Sun Jun 20 2021 13:14:00 GMT+0300 (+03)
İyi,Müzik Dinlemek,Kimse yok,Hayır,Hayır,Evet,Sun Jun 20 2021 14:32:12 GMT+0300 (+03)
Gergin,Sohbet,Aile Üyeleri,Evet,Bilmiyorum,Bilmiyorum,Sun Jun 20 2021 19:55:04 GMT+0300 (+03)
Kötü,Çalışma,Kimse yok,Evet,Evet,Evet,Mon Jun 21 2021 14:09:39 GMT+0300 (+03)
Kötü,Çalışma,Kimse yok,Evet,Evet,Bilmiyorum,Mon Jun 21 2021 15:06:46 GMT+0300 (+03)
Kötü,Spor,Kimse yok,Evet,Evet,Evet,Mon Jun 21 2021 16:39:43 GMT+0300 (+03)
İyi,Çalışma,Kimse yok,Hayır,Hayır,Evet,Mon Jun 21 2021 22:52:33 GMT+0300 (+03)
Mutsuz,Dinlenme,Kimse yok,Bilmiyorum,Evet,Bilmiyorum,Tue Jun 22 2021 17:30:54 GMT+0300 (+03)
Kötü,Müzik Dinlemek,Kimse yok,Bilmiyorum,Bilmiyorum,Bilmiyorum,Wed Jun 23 2021 13:20:22 GMT+0300 (+03)
Üzgün,Çalışma,Kimse yok,Evet,Evet,Bilmiyorum,Wed Jun 23 2021 13:48:26 GMT+0300 (+03)
Endişeli,Spor,Kimse yok,Bilmiyorum,Hayır,Bilmiyorum,Fri Apr 30 2021 15:37:40 GMT+0300 (+03)
Yorgun,Spor,Kimse yok,Bilmiyorum,Bilmiyorum,Bilmiyorum,Fri Apr 30 2021 15:38:28 GMT+0300 (+03)
Gergin,Yeme / İçme,Kimse yok,Evet,Hayır,Evet,Fri Apr 30 2021 18:46:54 GMT+0300 (+03)
Yorgun,Spor,Kimse yok,Bilmiyorum,Evet,Bilmiyorum,Fri Apr 30 2021 21:08:06 GMT+0300 (+03)
Yorgun,Çalışma,Kimse yok,Evet,Bilmiyorum,Hayır,Fri Apr 30 2021 21:08:41 GMT+0300 (+03)
Yorgun,Çalışma,Kimse yok,Evet,Evet,Hayır,Fri Apr 30 2021 21:09:14 GMT+0300 (+03)
Üzgün,Sohbet,Aile Üyeleri,Evet,Hayır,Bilmiyorum,Sat May 01 2021 13:55:02 GMT+0300 (+03)
Üzgün,Sohbet,Aile Üyeleri,Evet,Evet,Evet,Sat May 01 2021 14:24:36 GMT+0300 (+03)
Kötü,Çalışma,Kimse yok,Evet,Bilmiyorum,Bilmiyorum,Sat May 01 2021 21:22:54 GMT+0300 (+03)
Kötü,Çalışma,Kimse yok,Evet,Hayır,Bilmiyorum,Sat May 01 2021 21:28:40 GMT+0300 (+03)
Gergin,Çalışma,Kimse yok,Evet,Evet,Hayır,Sun May 02 2021 00:18:02 GMT+0300 (+03)
Kötü,Çalışma,Kimse yok,Evet,Evet,Bilmiyorum,Sun May 02 2021 22:44:02 GMT+0300 (+03)
Kötü,Çalışma,Kimse yok,Evet,Evet,Hayır,Sun May 02 2021 22:48:02 GMT+0300 (+03)
Gergin,Çalışma,Kimse yok,Evet,Evet,Hayır,Sun May 02 2021 22:52:02 GMT+0300 (+03)
Üzgün,Çalışma,Kimse yok,Evet,Evet,Bilmiyorum,Sun May 02 2021 22:59:02 GMT+0300 (+03)
Kötü,Çalışma,Kimse yok,Evet,Evet,Bilmiyorum,Mon May 03 2021 01:05:06 GMT+0300 (+03)
Yorgun,Spor,Kimse yok,Bilmiyorum,Bilmiyorum,Bilmiyorum,Mon May 03 2021 02:01:06 GMT+0300 (+03)
Kızgın,Spor,Kimse yok,Bilmiyorum,Bilmiyorum,Bilmiyorum,Mon May 03 2021 02:04:09 GMT+0300 (+03)
Yorgun,Spor,Kimse yok,Bilmiyorum,Bilmiyorum,Bilmiyorum,Mon May 03 2021 02:04:46 GMT+0300 (+03)
Kötü,Çalışma,Kimse yok,Evet,Evet,Evet,Mon May 03 2021 05:04:46 GMT+0300 (+03)
Mutsuz,Çalışma,Kimse yok,Evet,Evet,Hayır,Tue May 04 2021 00:51:31 GMT+0300 (+03)
Kötü,Çalışma,Kimse yok,Evet,Evet,Hayır,Tue May 04 2021 00:52:50 GMT+0300 (+03)
Mutsuz,Çalışma,Kimse yok,Evet,Evet,Hayır,Wed May 05 2021 16:53:31 GMT+0300 (+03)
Mutsuz,Çalışma,Kimse yok,Evet,Evet,Bilmiyorum,Wed May 05 2021 17:15:53 GMT+0300 (+03)
Mutsuz,Çalışma,Kimse yok,Evet,Evet,Bilmiyorum,Wed May 05 2021 00:53:53 GMT+0300 (+03)
Gergin,Çalışma,Kimse yok,Evet,Evet,Bilmiyorum,Wed May 05 2021 00:53:53 GMT+0300 (+03)
Endişeli,Çalışma,Kimse yok,Evet,Evet,Bilmiyorum,Fri May 06 2021 00:55:50 GMT+0300 (+03)
Kötü,Çalışma,Kimse yok,Evet,Evet,Hayır,Fri May 06 2021 01:55:50 GMT+0300 (+03)
Kızgın,Çalışma,Kimse yok,Evet,Evet,Bilmiyorum,Fri May 06 2021 02:55:50 GMT+0300 (+03)
İyi,Dinlenme,Kimse yok,Hayır,Bilmiyorum,Evet,Thu Jun 24 2021 14:44:32 GMT+0300 (+03)
İyi,Video İzlemek,Kimse yok,Hayır,Hayır,Evet,Thu Jun 24 2021 15:07:24 GMT+0300 (+03)
Kötü,Çalışma,Kimse yok,Evet,Evet,Evet,Thu Jun 24 2021 17:45:22 GMT+0300 (+03)
Yorgun,Çalışma,Aile Üyeleri,Bilmiyorum,Bilmiyorum,Bilmiyorum,Fri Jun 25 2021 10:04:12 GMT+0300 (+03)
Üzgün,Çalışma,Kimse yok,Bilmiyorum,Bilmiyorum,Bilmiyorum,Fri Jun 25 2021 20:02:34 GMT+0300 (+03)
Gergin,Çalışma,Kimse yok,Evet,Evet,Bilmiyorum,Sat Jun 26 2021 11:41:32 GMT+0300 (+03)
Gergin,Diğer,Aile Üyeleri,Evet,Evet,Bilmiyorum,Sat Jun 26 2021 12:18:33 GMT+0300 (+03)
Kızgın,Dinlenme,Kimse yok,Evet,Evet,Bilmiyorum,Sat Jun 26 2021 22:57:42 GMT+0300 (+03)
Üzgün,Müzik Dinlemek,Kimse yok,Bilmiyorum,Evet,Evet,Sun Jun 27 2021 17:53:39 GMT+0300 (+03)
Üzgün,Çalışma,Kimse yok,Evet,Evet,Bilmiyorum,Sun Jun 27 2021 18:44:46 GMT+0300 (+03)
Mutsuz,Çalışma,Kimse yok,Evet,Bilmiyorum,Bilmiyorum,Mon Jun 28 2021 10:37:25 GMT+0300 (+03)
Üzgün,Çalışma,Kimse yok,Bilmiyorum,Bilmiyorum,Bilmiyorum,Mon Jun 28 2021 19:05:30 GMT+0300 (+03)
Kızgın,Çalışma,Kimse yok,Evet,Evet,Hayır,Mon Jun 28 2021 20:05:30 GMT+0300 (+03)
Endişeli,Çalışma,Kimse yok,Evet,Evet,Hayır,Tue Jun 29 2021 10:02:26 GMT+0300 (+03)
Yorgun,Boş zaman,Kimse yok,Bilmiyorum,Bilmiyorum,Hayır,Tue Jun 29 2021 14:02:26 GMT+0300 (+03)
Gergin,Çalışma,Kimse yok,Evet,Evet,Hayır,Tue Jun 29 2021 15:02:26 GMT+0300 (+03)
İyi,Sohbet,Arkadaşlar,Hayır,Hayır,Evet,Wed Jun 30 2021 19:12:22 GMT+0300 (+03)
Yorgun,Boş zaman,Kimse yok,Bilmiyorum,Bilmiyorum,Bilmiyorum,Wed Jun 30 2021 21:22:13 GMT+0300 (+03)
Gergin,Çalışma,Kimse yok,Bilmiyorum,Evet,Evet,Thu Jul 01 2021 15:53:13 GMT+0300 (+03)
Yorgun,Temizlik,Aile Üyeleri,Evet,Evet,Evet,Fri Jul 02 2021 10:41:08 GMT+0300 (+03)
İyi,Dinlenme,Aile Üyeleri,Hayır,Hayır,Evet,Fri Jul 02 2021 14:16:40 GMT+0300 (+03)
Yorgun,Çalışma,Kimse yok,Evet,Evet,Bilmiyorum,Sat Jul 03 2021 12:06:20 GMT+0300 (+03)
İyi,Yeme / İçme,Aile Üyeleri,Hayır,Hayır,Evet,Mon Jul 05 2021 14:34:48 GMT+0300 (+03)
Gergin,Çalışma,Kimse yok,Evet,Bilmiyorum,Bilmiyorum,Wed Jul 07 2021 18:31:45 GMT+0300 (+03)
Kötü,Boş zaman,Kimse yok,Evet,Hayır,Bilmiyorum,Sat Jul 10 2021 01:33:23 GMT+0300 (+03)
Üzgün,Çalışma,Kimse yok,Evet,Hayır,Hayır,Sat Jul 10 2021 03:42:30 GMT+0300 (+03)
Rahat,Çalışma,Kimse yok,Hayır,Hayır,Evet,Fri Sep 24 2021 11:22:38 GMT+0300 (+03)
Rahat,İş,Kimse yok,Hayır,Hayır,Evet,Fri Sep 24 2021 12:02:09 GMT+0300 (+03)
Nötr,Yeme / İçme,Meslektaş,Hayır,Hayır,Evet,Fri Sep 24 2021 13:09:12 GMT+0300 (+03)
Rahat,İş,Aile Üyeleri,Hayır,Hayır,Evet,Fri Sep 24 2021 14:10:24 GMT+0300 (+03)
Rahat,İş,Kimse yok,Hayır,Hayır,Bilmiyorum,Fri Sep 24 2021 16:05:58 GMT+0300 (+03)
Rahat,Dinlenme,Meslektaş,Hayır,Evet,Hayır,Fri Sep 24 2021 17:03:57 GMT+0300 (+03)
Mutlu,Diğer,Arkadaşlar,Hayır,Hayır,Evet,Fri Sep 24 2021 18:06:30 GMT+0300 (+03)
Mutlu,Temizlik,Arkadaşlar,Hayır,Hayır,Evet,Sat Sep 25 2021 10:19:04 GMT+0300 (+03)
Nötr,Diğer,Arkadaşlar,Hayır,Hayır,Evet,Sat Sep 25 2021 11:03:33 GMT+0300 (+03)
Heyecanlı,Hobi,Arkadaşlar,Hayır,Hayır,Evet,Sat Sep 25 2021 12:04:54 GMT+0300 (+03)
Rahat,Yeme / İçme,Aile Üyeleri,Hayır,Hayır,Evet,Sun Sep 26 2021 11:04:14 GMT+0300 (+03)
Nötr,Temizlik,Aile Üyeleri,Hayır,Hayır,Evet,Sun Sep 26 2021 12:02:07 GMT+0300 (+03)
Enerjik,Spor,Kimse yok,Hayır,Hayır,Evet,Sun Sep 26 2021 14:05:07 GMT+0300 (+03)
Yorgun,Yeme / İçme,Aile Üyeleri,Hayır,Hayır,Bilmiyorum,Sun Sep 26 2021 16:03:30 GMT+0300 (+03)
Nötr,Video İzlemek,Aile Üyeleri,Hayır,Hayır,Bilmiyorum,Sun Sep 26 2021 17:02:17 GMT+0300 (+03)
Rahat,Dinlenme,Aile Üyeleri,Hayır,Hayır,Bilmiyorum,Sun Sep 26 2021 18:12:06 GMT+0300 (+03)
Gergin,Sohbet,Aile Üyeleri,Bilmiyorum,Bilmiyorum,Hayır,Sun Sep 26 2021 19:03:02 GMT+0300 (+03)
Enerjik,Çalışma,Aile Üyeleri,Hayır,Hayır,Evet,Sun Sep 26 2021 20:02:15 GMT+0300 (+03)
Gergin,Çalışma,Meslektaş,Evet,Hayır,Evet,Mon Sep 27 2021 10:08:01 GMT+0300 (+03)
Gergin,Çalışma,Kimse yok,Hayır,Hayır,Evet,Mon Sep 27 2021 11:02:15 GMT+0300 (+03)
Enerjik,Çalışma,Kimse yok,Hayır,Hayır,Evet,Mon Sep 27 2021 12:02:44 GMT+0300 (+03)
Yorgun,Yeme / İçme,Meslektaş,Hayır,Hayır,Bilmiyorum,Mon Sep 27 2021 13:05:13 GMT+0300 (+03)
Rahat,Dinlenme,Meslektaş,Hayır,Hayır,Bilmiyorum,Mon Sep 27 2021 14:02:11 GMT+0300 (+03)
Heyecanlı,Çalışma,Meslektaş,Hayır,Hayır,Bilmiyorum,Mon Sep 27 2021 15:10:28 GMT+0300 (+03)
Yorgun,Çalışma,Meslektaş,Hayır,Hayır,Hayır,Mon Sep 27 2021 16:02:52 GMT+0300 (+03)
Yorgun,Boş zaman,Kimse yok,Hayır,Evet,Hayır,Mon Sep 27 2021 17:04:44 GMT+0300 (+03)
Yorgun,Boş zaman,Kimse yok,Hayır,Hayır,Hayır,Mon Sep 27 2021 18:02:58 GMT+0300 (+03)
Üzgün,Boş zaman,Aile Üyeleri,Evet,Hayır,Hayır,Mon Sep 27 2021 19:02:20 GMT+0300 (+03)
Mutsuz,Boş zaman,Aile Üyeleri,Evet,Hayır,Hayır,Mon Sep 27 2021 20:02:18 GMT+0300 (+03)
Nötr,Çalışma,Meslektaş,Hayır,Bilmiyorum,Bilmiyorum,Tue Sep 28 2021 10:05:19 GMT+0300 (+03)
Nötr,Çalışma,Meslektaş,Hayır,Bilmiyorum,Bilmiyorum,Tue Sep 28 2021 11:02:17 GMT+0300 (+03)
Gergin,Çalışma,Meslektaş,Evet,Evet,Bilmiyorum,Tue Sep 28 2021 12:03:26 GMT+0300 (+03)
Nötr,Çalışma,Meslektaş,Hayır,Hayır,Bilmiyorum,Tue Sep 28 2021 13:04:51 GMT+0300 (+03)
Gergin,İş,Meslektaş,Evet,Hayır,Bilmiyorum,Tue Sep 28 2021 14:05:33 GMT+0300 (+03)
Gergin,İş,Meslektaş,Evet,Hayır,Bilmiyorum,Tue Sep 28 2021 15:16:06 GMT+0300 (+03)
Üzgün,Çalışma,Meslektaş,Evet,Evet,Hayır,Tue Sep 28 2021 16:05:39 GMT+0300 (+03)
Rahat,Boş zaman,Meslektaş,Hayır,Hayır,Bilmiyorum,Tue Sep 28 2021 17:05:31 GMT+0300 (+03)
Yorgun,Diğer,Yabancılar,Hayır,Evet,Hayır,Tue Sep 28 2021 18:04:24 GMT+0300 (+03)
Enerjik,İş,Meslektaş,Hayır,Hayır,Evet,Wed Sep 29 2021 10:09:56 GMT+0300 (+03)
Rahat,Çalışma,Meslektaş,Hayır,Bilmiyorum,Evet,Wed Sep 29 2021 11:03:49 GMT+0300 (+03)
Nötr,Dinlenme,Meslektaş,Hayır,Hayır,Bilmiyorum,Wed Sep 29 2021 12:03:50 GMT+0300 (+03)
Rahat,Yeme / İçme,Meslektaş,Hayır,Hayır,Evet,Wed Sep 29 2021 13:12:59 GMT+0300 (+03)
Rahat,Çalışma,Meslektaş,Hayır,Hayır,Evet,Wed Sep 29 2021 14:02:31 GMT+0300 (+03)
Gergin,İş,Kimse yok,Evet,Bilmiyorum,Evet,Wed Sep 29 2021 15:38:47 GMT+0300 (+03)
Gergin,İş,Kimse yok,Hayır,Evet,Evet,Wed Sep 29 2021 16:02:14 GMT+0300 (+03)
Rahat,Çalışma,Kimse yok,Hayır,Hayır,Hayır,Wed Sep 29 2021 18:02:59 GMT+0300 (+03)
Gergin,Çalışma,Kimse yok,Hayır,Hayır,Evet,Thu Sep 30 2021 10:05:10 GMT+0300 (+03)
Rahat,Çalışma,Kimse yok,Hayır,Hayır,Evet,Thu Sep 30 2021 12:04:12 GMT+0300 (+03)
Heyecanlı,İş,Kimse yok,Hayır,Hayır,Evet,Thu Sep 30 2021 14:03:14 GMT+0300 (+03)
Gergin,İş,Kimse yok,Hayır,Hayır,Bilmiyorum,Thu Sep 30 2021 15:02:56 GMT+0300 (+03)
Kızgın,Çalışma,Kimse yok,Hayır,Bilmiyorum,Hayır,Thu Sep 30 2021 16:02:57 GMT+0300 (+03)
Rahat,Çalışma,Kimse yok,Bilmiyorum,Bilmiyorum,Hayır,Thu Sep 30 2021 17:04:59 GMT+0300 (+03)
Yorgun,Çalışma,Meslektaş,Hayır,Hayır,Hayır,Thu Sep 30 2021 18:03:07 GMT+0300 (+03)
Yorgun,Diğer,Kimse yok,Evet,Evet,Hayır,Thu Sep 30 2021 19:19:33 GMT+0300 (+03)
İyi,Çalışma,Kimse yok,Hayır,Hayır,Evet,Tue Nov 09 2021 11:26:53 GMT+0300 (+03)
Nötr,Çalışma,Kimse yok,Hayır,Hayır,Evet,Tue Nov 09 2021 15:08:22 GMT+0300 (+03)
Yorgun,İş,Kimse yok,Hayır,Bilmiyorum,Evet,Tue Nov 09 2021 16:03:57 GMT+0300 (+03)
Yorgun,Dinlenme,Kimse yok,Hayır,Evet,Bilmiyorum,Tue Nov 09 2021 18:06:28 GMT+0300 (+03)
İyi,Yeme / İçme,Aile Üyeleri,Hayır,Hayır,Bilmiyorum,Tue Nov 09 2021 19:03:24 GMT+0300 (+03)
Yorgun,Dinlenme,Kimse yok,Hayır,Hayır,Hayır,Tue Nov 09 2021 20:05:26 GMT+0300 (+03)
Mutlu,İş,Meslektaş,Hayır,Hayır,Evet,Wed Nov 10 2021 10:05:27 GMT+0300 (+03)
İyi,İş,Meslektaş,Hayır,Bilmiyorum,Evet,Wed Nov 10 2021 12:03:36 GMT+0300 (+03)
İyi,İş,Meslektaş,Hayır,Hayır,Evet,Wed Nov 10 2021 14:04:24 GMT+0300 (+03)
Heyecanlı,İş,Meslektaş,Hayır,Bilmiyorum,Evet,Wed Nov 10 2021 16:03:48 GMT+0300 (+03)
İyi,Çalışma,Arkadaşlar,Hayır,Hayır,Evet,Wed Nov 10 2021 18:04:41 GMT+0300 (+03)
Yorgun,Diğer,Kimse yok,Hayır,Evet,Hayır,Wed Nov 10 2021 20:43:25 GMT+0300 (+03)
Nötr,İş,Meslektaş,Evet,Hayır,Evet,Thu Nov 11 2021 10:06:11 GMT+0300 (+03)
Mutlu,İş,Kimse yok,Hayır,Hayır,Evet,Thu Nov 11 2021 13:09:11 GMT+0300 (+03)
Endişeli,İş,Kimse yok,Evet,Hayır,Evet,Thu Nov 11 2021 14:53:12 GMT+0300 (+03)
Yorgun,İş,Kimse yok,Hayır,Evet,Bilmiyorum,Thu Nov 11 2021 16:04:01 GMT+0300 (+03)
İyi,Yeme / İçme,Aile Üyeleri,Hayır,Hayır,Bilmiyorum,Thu Nov 11 2021 18:04:48 GMT+0300 (+03)
Endişeli,Çalışma,Kimse yok,Hayır,Evet,Hayır,Thu Nov 11 2021 20:22:11 GMT+0300 (+03)
İyi,İş,Meslektaş,Hayır,Hayır,Evet,Fri Nov 12 2021 10:14:22 GMT+0300 (+03)
Enerjik,Yeme / İçme,Meslektaş,Hayır,Hayır,Evet,Fri Nov 12 2021 12:30:56 GMT+0300 (+03)
Yorgun,İş,Kimse yok,Hayır,Evet,Hayır,Fri Nov 12 2021 18:05:33 GMT+0300 (+03)
İyi,Diğer,Yabancılar,Hayır,Hayır,Evet,Sat Nov 13 2021 11:33:36 GMT+0300 (+03)
Gergin,İş,Kimse yok,Evet,Evet,Evet,Sat Nov 13 2021 14:00:16 GMT+0300 (+03)
Mutlu,Yeme / İçme,Partner,Hayır,Hayır,Evet,Sat Nov 13 2021 16:03:30 GMT+0300 (+03)
Mutlu,Diğer,Partner,Hayır,Hayır,Evet,Sat Nov 13 2021 18:09:38 GMT+0300 (+03)
Mutlu,Yeme / İçme,Partner,Hayır,Hayır,Evet,Sun Nov 14 2021 10:16:41 GMT+0300 (+03)
Mutsuz,Yeme / İçme,Arkadaşlar,Hayır,Hayır,Evet,Sun Nov 14 2021 12:21:53 GMT+0300 (+03)
Mutlu,Sohbet,Arkadaşlar,Hayır,Hayır,Evet,Sun Nov 14 2021 14:14:27 GMT+0300 (+03)
Mutlu,Diğer,Yabancılar,Hayır,Evet,Evet,Sun Nov 14 2021 16:02:59 GMT+0300 (+03)
Enerjik,Çalışma,Kimse yok,Hayır,Hayır,Evet,Sun Nov 14 2021 18:03:21 GMT+0300 (+03)
Endişeli,Çalışma,Kimse yok,Evet,Hayır,Evet,Sun Nov 14 2021 20:03:25 GMT+0300 (+03)
Gergin,Çalışma,Kimse yok,Hayır,Hayır,Evet,Mon Nov 15 2021 10:06:16 GMT+0300 (+03)
Gergin,Çalışma,Kimse yok,Hayır,Hayır,Evet,Mon Nov 15 2021 14:02:50 GMT+0300 (+03)
Yorgun,Dinlenme,Aile Üyeleri,Hayır,Evet,Hayır,Mon Nov 15 2021 20:15:32 GMT+0300 (+03)
Enerjik,İş,Kimse yok,Hayır,Hayır,Evet,Tue Nov 16 2021 10:02:49 GMT+0300 (+03)
Mutlu,Yeme / İçme,Kimse yok,Hayır,Hayır,Evet,Tue Nov 16 2021 12:31:31 GMT+0300 (+03)
İyi,İş,Kimse yok,Hayır,Hayır,Evet,Tue Nov 16 2021 14:04:22 GMT+0300 (+03)
İyi,İş,Kimse yok,Hayır,Hayır,Evet,Tue Nov 16 2021 16:04:03 GMT+0300 (+03)
Kızgın,Diğer,Kimse yok,Evet,Evet,Bilmiyorum,Tue Nov 16 2021 18:21:55 GMT+0300 (+03)
Gergin,Çalışma,Aile Üyeleri,Hayır,Evet,Bilmiyorum,Tue Nov 16 2021 20:05:08 GMT+0300 (+03)
